user_id,name,country,user_type
8bed79f8-6f34-4ca5-990e-df8a282994c7,Raymond Davis,Equatorial Guinea,normal
635015c0-39b9-4931-a941-53fb0bddb34a,Mr. John Campbell,Libyan Arab Jamahiriya,normal
d62067fa-da7b-46bc-ae5f-e27e04a8d94f,Bryan Copeland,Cape Verde,normal
de351efb-ead9-45b8-8ebc-74f712e3b6e5,Carolyn Jenkins,Macao,normal
fd8354b4-4c01-4cee-97dc-a4a682df4837,Heather Flores,Guatemala,normal
cb6fbe3f-1c72-4c73-855e-1560820c9ba9,Amber Guzman,Serbia,normal
1d61d064-90ba-4680-95af-416deef8f48b,Carlos Love,Jordan,normal
da809cf8-6ac3-47ad-b445-3899a885c6a4,Ashlee Parker MD,Belgium,normal
7a63ed7d-93e6-486b-961b-4ab8ae6b0c4a,Karen Walker,French Southern Territories,normal
37dce959-67c5-4432-a24d-443498ff170a,Judith Cook,Iceland,normal
2a58e7b7-e526-4a1e-9089-3a8af8c1d4d2,Catherine Ryan,Austria,normal
28f75d57-1a28-47a7-92a0-065b43767e1a,Christopher Jones,Iran,normal
f2e4bee6-418b-45c0-a991-fdb211604732,John Rodriguez,Norfolk Island,normal
d8433708-2a2d-4951-a9cb-b9950b784fcb,Matthew Hess,Netherlands,normal
94b2effd-9806-430b-9e1b-7d3a931d9f0c,Jay Rogers,Netherlands,normal
278b9092-db79-4942-9f23-3e54893d3b2c,Shawn Stephens,Aruba,normal
6012fdc5-5988-4527-a18b-79a5b0d25b99,Amy Bowman,Argentina,normal
a6e735e9-21bf-486e-834c-4aa00e69c9f7,Lauren Smith,Nepal,normal
ff548290-c80d-4a62-b73c-50909b692dd3,Theresa Hawkins,Ghana,normal
d5530164-809f-4467-a6d3-d31a989813e5,Heather Lopez,Cameroon,normal
83d4a379-b753-42b5-a18d-53e3ac2ba03d,Tammy Olson,United States of America,normal
d364f744-ef7b-4725-b4dd-9af9a252d296,Geoffrey Smith,Montenegro,normal
c713572c-c2a8-400c-aab9-fa769d146de7,Jamie Harrell,Iran,normal
c5bac4a8-5251-4837-95c1-b84c35629315,Cynthia Ashley,Monaco,normal
716fa063-d518-417e-b632-609511e5a514,Erin Smith MD,Algeria,normal
a1063d73-c1a3-409a-a41b-17c4907c9862,Kelly Sullivan,Turkmenistan,normal
99cceb5f-e3aa-4d94-a13b-3c3777c5d41c,Vincent Lamb,Guernsey,normal
efc1a10c-5956-42b1-b66e-f5d92cdb0f80,Dale Rush,Australia,normal
5d6189fa-8cad-4b38-99a9-eb0d627f67c5,Chad Watson,Cook Islands,normal
8097bc19-7c3c-4c01-a013-968473b99f8f,John Vasquez,Maldives,normal
4a5beecc-b9e1-4e83-b957-56b9bb96283c,Jennifer Ross,Spain,normal
3c5742a2-e965-48cd-a3ea-0b4ffa385bc4,Ms. Jessica Morgan PhD,Ukraine,normal
3f6ea309-10b3-491f-859e-bda8319a7186,David Duncan,Kazakhstan,normal
8fe3d2b6-15ad-49d9-9832-0459d8906798,Crystal Moore,Serbia,normal
79cf78f7-f1b0-49e7-b1e4-9a8af06b5a6a,Brittany Calderon,Jamaica,normal
63a1d081-aa4b-4708-af4a-87e450cf6a92,Rebekah Miller,Cuba,normal
eefdda70-d234-4ed0-9394-fb81ed834af2,Nathaniel Pratt,Reunion,normal
76df9f29-88fe-4c4c-8045-02b9dabec15e,Samuel Adams,Uzbekistan,normal
78e7a55c-7286-4676-a6c1-2f6f48fd20f6,Vanessa Thompson,Libyan Arab Jamahiriya,normal
9c91e012-185e-4354-95b2-8a91d1dd5dae,Lauren Alvarez,Uruguay,normal
83b0fcaf-ac8a-4249-9a43-de45207c4400,Joshua Hill,Tunisia,normal
d4ebd884-41d3-4014-909e-72e1bef9c759,Sandra Burch,Comoros,normal
e54ff9fa-5c8d-4c32-b743-d00115564223,Amber Garrett,Suriname,normal
475a2197-1ef8-4802-ae4f-a395d2a6fb35,Billy Williams,Iceland,normal
80f3644d-1b8f-40c1-9a3a-004173133ed5,Kimberly Flores,Thailand,normal
81da0221-dac6-4767-b689-d92a06f2604a,Roy Cole,Tanzania,normal
6f6405c1-800e-4246-988e-fcc28ac6adbe,Joshua Brown,Suriname,normal
7223070c-4d22-42ab-b83d-a2b30212739f,Julian Perkins,Gibraltar,normal
184e8c94-0de8-4dbe-ae6c-3319fb88424a,Melissa Goodman,Georgia,normal
dcbf6ede-e7da-4687-ad06-df3571a068e6,Elizabeth Whitney,Cuba,normal
6a188007-5674-45b4-8890-90659a5642fa,Jordan Jimenez,Lebanon,normal
f72517c1-49f4-47d8-a669-d4eecfc745f8,April Fuller,Costa Rica,normal
67ea5435-65a9-4b55-9baf-dd740dd9b560,Abigail Taylor,Paraguay,normal
1ca9c7a7-7107-48df-b918-7b822f877d9f,Felicia Williams,Gambia,normal
32515ddf-9ae7-491a-94e9-c3abab82cab9,Sandra Brooks,United States of America,normal
39515c20-e244-4360-b29b-a4d34c7103bb,Brian Campos,Mali,normal
89babb46-0f1e-4e80-8ab7-000c2b1cc52d,Kimberly Mayo,Cuba,normal
551b7d40-5dfb-4e89-b204-802232c133cc,Diana Wood,Croatia,normal
c7f9dc09-9728-4afc-bb1a-fbd48685bee7,Tina Williams,Afghanistan,normal
3b8b302a-9daf-487c-bda2-e67a98cb0547,Thomas Le,New Caledonia,normal
0d9addda-7691-4fb8-8c82-2affa95a5171,Justin Zhang,Poland,normal
58348393-413c-42ea-bcb1-ebf82a634f56,Melissa Graves,Djibouti,normal
61048c56-6193-42a6-b6aa-9d4e703dd042,Robert Elliott,Togo,normal
f2a1ec8c-acd5-4c63-9505-6d1fc7fa7ad9,Kelly Robles,Lesotho,normal
7e670871-ea97-49ff-93dd-7e86f739e09b,Sergio Atkinson,China,normal
e593a440-b971-4223-9389-52e50e29af9b,Janice Liu,Guinea,normal
84f35cd4-a89e-4b93-88f2-86ac03d8efd9,Veronica Miller,Morocco,normal
95ef1bbf-0734-4ffb-8808-520d59c5c97d,Matthew Randolph,North Macedonia,normal
2d42348b-cd43-4863-8e42-1b582c72e539,Lisa Taylor,Cocos (Keeling) Islands,normal
d56fee5e-abba-4b9e-934d-dd6497e144cc,Tammie Garza,Haiti,normal
65c3c0c1-42fc-4d39-acb2-8022cd25aa5e,Katherine Baker,Indonesia,normal
3d181d13-920f-4d0d-b55d-faabbefabebc,Jamie Sanchez,Madagascar,normal
4dd977a0-2249-4e9a-b4ab-4b91f38a92c8,Donald Hardy,Burkina Faso,normal
928e1160-19fb-400f-b9e1-c6afcb111e0f,Tara Ashley,Angola,normal
1b67c154-7fa3-4b2d-a150-ba2f9c25f72f,Mindy Pierce,Azerbaijan,normal
77d13a53-3ceb-4887-80d8-01a1c486b99a,Jasmin Harris,Argentina,normal
3e398a49-ab3a-4cea-beab-57bad3263df5,Nicholas Vargas,Turkey,normal
2c088091-4a11-4a70-a42f-65a9c45ee80c,Sharon Stewart,Jordan,normal
ba45bc89-0cc8-4b1a-9746-fd5ae7b11252,David Johnson,Guadeloupe,normal
fa2cfe73-d67c-4a6f-81b9-70e85e136e44,Tiffany Clark,Moldova,normal
d7e4174c-a09f-4bae-ba25-f247f62b3bed,Jeffery Lopez,Trinidad and Tobago,normal
144df74b-4d1c-40bf-9342-9a0a95a79b2a,Ross Maynard,Cameroon,normal
06a08279-4665-4582-b26c-22bc100f4011,Anthony Herrera,Samoa,normal
156b996e-d552-4aab-b937-4e399457835a,Scott Summers,Bermuda,normal
02a069a0-3e46-4d91-a01d-f76d4b18c3b0,Cristian Cruz,Madagascar,normal
bc9fa5fd-309f-47c7-9125-d6058df6536d,Rebecca Parker,Mozambique,normal
16625ff7-c498-49d4-bd7d-7e639e728f9f,Karen Williams,Guernsey,normal
5f770c0c-0286-4d8d-abe1-5249ac050721,Marie Gibbs,Barbados,normal
309a19f7-fd65-4c7b-8437-8d0337b5e4b3,David Lyons,Venezuela,normal
4149254b-ca1f-4f42-a006-51756ea1d0d9,Julie Carpenter,Singapore,normal
d918b2ba-57f6-4851-9182-3379238cbf22,Jack Tucker,Benin,normal
a17b9df3-2b77-46bb-b3ae-d0f60e9f6151,Lisa Prince,Equatorial Guinea,normal
e1758036-7dc5-4a76-929e-2b6496833171,Tammy Patton,Philippines,normal
5916b04e-5bf6-47bb-8659-2ef3365ad123,Gary Bridges,Slovakia (Slovak Republic),normal
7336ffb0-17c7-4a34-8a05-96366bdf873d,Elizabeth Evans,Kyrgyz Republic,normal
587e7dfa-c45b-4d00-b6f5-1799b09f437a,Christine Clark,Reunion,normal
8efe01ed-4679-4326-bd6a-60e7c3aefdae,David Hall,South Georgia and the South Sandwich Islands,normal
d720e4c0-8ffc-4880-90b8-5e6cecd7a35b,William Crawford,Pakistan,normal
c024b2df-8b91-4e98-b404-a2f1824a5423,Mr. Juan Nguyen,Russian Federation,normal
1829f786-e652-423d-8e52-1473cab2aa43,Travis Rogers,Croatia,normal
7ab48055-39f6-42b7-b191-4e7da3a5e899,Jeffrey Copeland Jr.,Mongolia,normal
536cc759-8a3d-4d44-ba05-3f21249ad85b,Tanya Harris,Spain,normal
90a29af9-1c82-4d82-8d71-4ee2f45ad63b,Monica Leonard,Benin,normal
8eec5c26-c1a9-4764-8edf-8000f9674d77,Jennifer Sullivan,Antarctica (the territory South of 60 deg S),normal
55bf49a9-9c0f-4e0a-83e7-8e4d0a1605d4,Andrew Miller,Eritrea,normal
de8fc49b-4c6b-4b37-a395-5dc4c2e2c587,Ashley Ochoa,Venezuela,normal
fd25b354-7b98-4e91-a5f2-bdf6329acb18,Victoria Hayes,Macao,normal
e3107b5a-4dd6-4b09-ad8c-bd8082416ef8,Corey Chan,Guyana,normal
7f335ac7-edac-4bca-b941-5ee47ee5841b,Kyle Saunders,British Virgin Islands,normal
c381c70f-4718-46ad-821c-5a41d287ebc8,Kelly Mcdonald,Cayman Islands,normal
220d266f-a93a-4eb6-b9b9-6dc8a2b849c1,Todd Gomez,Bouvet Island (Bouvetoya),normal
9a9495a1-1de4-4154-b489-d3c029cb3cce,Craig Jimenez,Saint Martin,normal
1d6b62c4-c6d7-4333-a27c-652bfd7ed868,Johnny Turner,Micronesia,normal
ebf9d2cf-4f2c-4ff2-a052-144d6c6281d0,Pam Mckinney,Andorra,normal
509658f1-36eb-4663-99e7-063c5170a200,Connie Shaffer,Costa Rica,normal
603f96a4-2be3-4cda-b670-47f763984357,Isabella Pope,Philippines,normal
87ad5484-ff91-4c4e-b6d4-1ba3a1914dac,Dana Jennings,Malawi,normal
36fda7e1-c6d2-4201-885b-bab1451ae9f6,Anita Francis,Bosnia and Herzegovina,normal
e1cc8a8b-b938-4cf2-ac1f-8fec687c2ad6,Joyce Thompson,Cook Islands,normal
02f72cca-ea57-4d59-81c4-9f0eaa9c1ad3,Jason Peters,Venezuela,normal
763a2ef6-9c41-4a93-a7e3-25a1d4b76f63,Jessica Bishop,Cambodia,normal
e095a5ab-2c1c-42ec-9950-735dfa29c6f6,Patricia Contreras PhD,Tokelau,normal
bed45feb-0513-4aad-9d48-d3eeaf567dda,Kimberly Park,Hungary,normal
bcc8d5b8-eefd-4627-8e15-484dbbf7a235,Thomas Jefferson,Pitcairn Islands,normal
9e4b6de7-ad79-4470-b8a9-1f336b96154f,Kristy Johnson,Samoa,normal
99201d3e-4155-4210-bf9a-0b6eabf5933a,Brittany Washington,Mexico,normal
68107e52-dd57-469e-aa68-f9c3085509b6,Roy Watson,Poland,normal
d450b82c-42b5-4306-93bd-3adae683b308,John Bryant,United States Minor Outlying Islands,normal
9af27805-77e0-4fd7-846d-4311a2b72add,David Miller,Guernsey,normal
697e6282-f0fb-4196-8cae-bdfeced46438,Anthony Peters,Switzerland,normal
de3adddd-94b2-4eb0-8c29-355161ffd546,Casey Pope,Monaco,normal
36d4deea-27e6-4a11-9016-746d3901914a,Mrs. Kelly Smith,Mauritania,normal
b732633c-8d6c-4dee-8388-2292280e9b35,John Ashley,Iceland,normal
43ab17e5-ead8-45f0-80b9-8dc25700fa63,Charlotte Hernandez,American Samoa,normal
8ddd47fa-1964-4914-aae8-5bca69c6f604,Warren Buchanan,Djibouti,normal
a05ac4bd-c8ab-4517-9bd0-d46661ce0746,Jason Baker,Nigeria,normal
a82f5c60-5c14-4027-818d-810f6aee2460,Paul Brown,Nigeria,normal
cb34da3c-15d7-45b1-b7d9-73f21fea80b7,Shawn Tapia,Saint Kitts and Nevis,normal
8e99d376-2c51-4eb4-ba4f-0487a515a714,Rebecca Davis,Marshall Islands,normal
c4a9a61a-3059-44a2-8b28-34c3a890720f,Ashley Sullivan,Estonia,normal
6030aed0-7809-470f-a347-1d17b7e936bd,William Miller,Swaziland,normal
fca50c41-7e21-4f75-abf4-d00e8f2d658e,Nicole Cole,Kuwait,normal
55b50a82-e2f6-4200-828d-bf2bb8a258a0,Taylor Hendricks,Micronesia,normal
225d0a20-91c8-4961-b447-8afbb2f95ba8,Stacey Clark,Belarus,normal
8d9f1752-7c35-4d5e-b47d-bdd2f7e736c6,Karen Castaneda,United Kingdom,normal
688c213b-4aa1-44e9-af84-670b3b81f24f,Pamela Clarke,New Caledonia,normal
5e34deaf-3d40-4f79-9dd2-7903ed15d2b2,Deborah Bray,United Arab Emirates,normal
f8cb608c-3967-4105-a521-70e42f106736,Anthony Jackson,Niue,normal
770aa9d8-dc25-46e7-864e-e735772a82fc,Ashley Erickson,New Caledonia,normal
b2155878-7f3a-4ade-a047-b2b2b01ba2b5,Austin Weaver,Greece,normal
34672b6d-0ee6-4cef-af98-6b8b6cc9c806,Tammie Dunn,Saint Vincent and the Grenadines,normal
de15a1ea-d765-4440-9c08-069fe010e510,Tyler Fox,El Salvador,normal
007582b4-7d45-4cbb-83d4-ece542de81ec,Kyle Hood,Saint Barthelemy,normal
5f577558-eb55-462e-9006-022a09e5f837,Andrew Cherry,Myanmar,normal
666d5ef5-80b9-4ddb-aff4-de49b7c8b845,William Norton,Iraq,normal
56dbfcb9-7547-4cde-b312-9d52a85ad12f,Leah Curry,Korea,normal
4afed7f5-c9a4-45b2-9303-30179db05384,Lauren Brown,Afghanistan,normal
0e015c76-975b-4e70-964a-cc0edf61677d,Anna Moore,Panama,normal
77aaca62-d825-4eef-b18f-be795b95b522,Sheryl Kennedy,Romania,normal
69e220fa-657b-4035-bed5-5d59cbab7f1d,Teresa Nelson,Maldives,normal
0c628192-538b-4849-90e7-602c36b9f494,Ann Carlson,Solomon Islands,normal
1042fd65-7750-4d23-9f12-5e3a4f8c12e5,Frederick Vaughn,Malta,normal
b16e8499-80d9-4bec-8b8d-23afe8b6df40,Matthew Gibbs,Ukraine,normal
faf3a326-118b-4ded-9902-7acd82d188b8,William Pearson,Russian Federation,normal
67678334-aa54-4a52-8292-1ef064992e3a,Troy Woodward,Libyan Arab Jamahiriya,normal
3e05f6db-1746-4bc2-87b5-217af52756bb,Patricia Lawrence,Palestinian Territory,normal
b07be6f0-746e-4cb0-899a-16e90af7e6ab,Andrew Graham,Turks and Caicos Islands,normal
6d663f38-5878-4048-bc50-4b1445f7ae53,Kelly Mcpherson,Egypt,normal
1e686f15-9cdc-4882-98a8-cbc2a1399620,Zachary Torres,Vanuatu,normal
b52ba73a-e76d-4d5e-9638-8c90a6d49816,Thomas Cooper,Papua New Guinea,normal
c8a1c9a6-9efc-4fe1-a6ef-346a1695d1ff,Michael Nichols,Malaysia,normal
4a314d1d-49de-44fd-8904-789263492aa8,William Brown,Dominica,normal
ace31218-61f2-4e06-951b-20519cd18b93,Aaron Jackson,Morocco,normal
9e835f57-d76b-439d-b822-c14a532d70c7,Michael Harrison,Maldives,normal
05b1e369-d8a4-460d-b0d0-e47730615b95,Joseph Fowler,Czech Republic,normal
d91b3e38-e329-47dc-ad21-0c9120662320,Tina Williams,Mali,normal
28a3ebf7-3b0b-4619-8a28-c0a16540691d,Jon Weaver,Tonga,normal
8cd83927-eff8-4b5d-a896-e29193fd9704,Robert Lowe,Azerbaijan,normal
884ace2d-f38d-4302-9fd7-ad9f5f49cef0,Angela Johnson,Cuba,normal
7a57da22-ba18-4422-a948-a46d147a9d55,Amber Larsen,Guinea-Bissau,normal
392eb85b-765b-4140-ac03-ef4662477cd2,Jared Burns,Eritrea,normal
91bf32e0-6ffb-45ff-99de-9d60294ef87e,Kathleen Bush,Venezuela,normal
62c6131e-1739-4e0e-b250-2e1e2eaeda9b,Deborah Castaneda,Montserrat,normal
e2ce5c70-e2af-4540-a452-8f7dbf9a3dcf,Amanda Burke,Vanuatu,normal
d5e66dd6-5c99-46f3-b765-30b04de51db8,Mr. David Nelson,Guinea-Bissau,normal
b8b7f357-6cc5-46de-a1e2-69723cf0e07d,Joshua Gibbs,Montenegro,normal
779d6cd2-e47a-4f48-8141-652130c7bdeb,Joshua Figueroa,Montenegro,normal
92d7cb6b-ed11-4ece-9cac-322369b92b2c,Christina Thompson,Korea,normal
f05630a4-3b86-4b18-98c5-adecc2817d14,Robert Estrada,Faroe Islands,normal
4cd1750a-8121-410c-a55f-4caacaf37e6e,Megan Clark,Spain,normal
1d046215-56cf-42bb-a2be-f0858c917d7f,Sara Martin,Philippines,normal
0f1de753-844a-4f9e-b7bc-190508b9667e,Stacey Cruz,Austria,normal
b26f9790-2244-4511-aa5f-6245726b6197,Jennifer Riggs,Guernsey,normal
2c4f079e-d1c1-4c3d-932f-97821b662f3d,Emily Davis,Indonesia,normal
3dc674c5-b567-4264-886d-5700cdeb2c32,John Booker,Antarctica (the territory South of 60 deg S),normal
c68d4e96-b30c-46d8-98fb-2e470cd04f27,Monica Mcbride,Indonesia,normal
64813ec8-d6f3-4185-902c-f9fca8343a6e,Omar Gill,Thailand,normal
b53cef1f-4689-425d-85c0-e7b6f83ee565,Maria Wilcox,Niger,normal
647249e6-0b0c-4a46-95fc-3737ad55561b,Matthew Cooley,Belgium,normal
43e71d7b-5a80-4a8a-8f11-37ad21779acd,Mark Evans,French Southern Territories,normal
e8e9bcdc-8ce2-43de-acb1-1a6518e0bad4,Shelly Robinson,Iraq,normal
5751c416-5c67-4fc4-abdc-009561bee3fa,Nicole Taylor,Eritrea,normal
065c0316-6d4d-4b17-b9de-500901af922e,Renee Ramirez,Kenya,normal
9a62a0b8-2adb-446b-b68d-030518059cb4,Laura Oliver,Madagascar,normal
86de20ed-79db-427b-a6c6-8ea2ff19d7f2,Dominique Webb,Saint Barthelemy,normal
ce25d960-f0a1-45ff-9f52-11db5cad76cf,William Kane,Tajikistan,normal
641c3e7f-ca4e-4c6d-9043-f4bc12c7fe4e,James Key,Mayotte,normal
b8155aa3-264b-4146-a66d-44c3916f70af,Brandy Rogers,Canada,normal
ab4a4fd1-e213-411e-8a8c-1520dc3649f3,Mr. Roger Haynes DDS,Djibouti,normal
162864de-91d3-46b3-94f6-f681ef37df2e,William Johnson,Venezuela,normal
90b4dd33-1030-47d4-a41e-a745ed606628,Ruben Nunez,Micronesia,normal
5cf783d4-39b5-4d88-9290-cf4a3d5b254f,Alejandro Mcdonald,Norway,normal
ac989d3a-e47a-460f-9b2c-5750f1dce694,Natalie Johnson,San Marino,normal
1c5e8b6c-2abb-4761-9ae1-97f4a975e943,James Ross,Greece,normal
9dd40754-3e96-427d-9472-93172de8c6b0,David Greer,Armenia,normal
cb0cd55b-c76b-4bf2-a123-2232bdb8ec6f,Dale Vasquez,Argentina,normal
1fa3a2ca-9bfd-4bca-b2ec-1f7a97a397ed,Seth Malone,French Southern Territories,normal
fcafb747-4640-41f3-b0fe-f6d9b8c37899,Michael Lee,Sudan,normal
3de9e860-8fa9-47ef-a520-0a2c15993bdd,Stephanie Madden,Bangladesh,normal
a6126cf8-2b48-4264-8829-7bce93ab159e,Brittany Anderson,Turks and Caicos Islands,normal
4caaf2b7-042a-45ee-a317-df1734424b66,Kathryn Walter,Angola,normal
c50c07d4-4bda-4c4e-ac79-b0cb55ccc564,Angela Thomas,Central African Republic,normal
55fbc493-432e-4905-a869-eabfa198f447,Samantha Yoder,Cook Islands,normal
eb50bde6-b371-4ba3-8686-90437a304e31,Thomas Patton DDS,Zambia,normal
777fbcaf-a588-4bd4-926b-84a19024513a,Dillon Simmons,Oman,normal
18551322-4410-4f20-81c4-93b83e0af254,Daniel Little,Palau,normal
1c956344-5814-44a6-aa32-52e9d987649c,Melinda Ortiz,Vietnam,normal
62820478-5bb7-4dcf-9df8-bd1bf3435e65,Justin Foster,Spain,normal
dcd3a473-26f9-4a45-8cac-6b1482f64f43,Robert Hicks,Nicaragua,normal
f494f89d-9845-4baa-8c6a-7786e0c5c2f8,Ricky Ibarra,Trinidad and Tobago,normal
39943c0b-4e05-46ac-9c11-701c03a566da,Daniel Harris,Malawi,normal
e11d50c8-e8ee-4eab-82c2-8d33fbf921ee,Dana Garner DDS,Thailand,normal
f6246fb8-9c7f-4467-a106-49769698f865,Kristin Booker MD,Tuvalu,normal
d50b2fae-df27-4d92-876a-04678078d967,Daniel Washington,Seychelles,normal
55faf961-ece1-45a3-9d28-63a31bb387d1,April Compton,Lao People's Democratic Republic,normal
40cd737d-0304-45ad-9cd8-0ad81c6be748,Denise Jones,Chad,normal
8984c845-9397-433a-a4d9-0a1deb65ca97,Daniel Cox,Italy,normal
d722cc19-6f45-4b6c-96b1-a280cc12b7c1,Jared Ramirez,Australia,normal
40635763-e002-4b5b-bc68-93220c9ba754,Chad Keller,Kyrgyz Republic,normal
10c330a9-a60f-493f-a896-95a29622b788,Anthony Roberts,British Indian Ocean Territory (Chagos Archipelago),normal
14edc85f-ae4b-4147-8537-3b0282e53240,Kenneth Brewer,French Polynesia,normal
82d34bbc-cf52-477a-96ef-82750e35ce09,Brittany Tate,Liberia,normal
19fe1cba-8725-4de0-8c83-3674257f15a3,Kenneth Hood,Argentina,normal
671a1e18-3aaf-45e2-9efd-fc83085fcc76,Sandy Ramos,Uruguay,normal
cb7d43ad-94b0-475a-89cd-ff6320835e61,Clinton Cruz,France,normal
df090032-7cb9-4483-96c5-bf2cf1eb82b1,Edwin Bates,Micronesia,normal
f4c02df8-d1f0-4eb0-b104-03d23be20181,Gary Kirk,Grenada,normal
6444f607-56ec-4f86-8d53-221d64e97754,Erica Ramos,Germany,normal
0a70fb1c-10a4-4e20-bb44-544c0a67ce6f,David Ware,Gambia,normal
15e1d348-358e-4ce1-8708-2fbc01d3abb0,Heather Cooper,Solomon Islands,normal
7ecb9b1a-1ad4-4d8c-9839-bda814a4b8f6,Mr. Gary Rivera MD,Tajikistan,normal
932adcf3-a403-4104-b343-2cdeff99bd76,Sandra Simpson,Tunisia,normal
9d121d4c-4569-441e-a5a6-ed4a5ba08d8c,Kenneth Pratt,Canada,normal
d979c2a3-7127-4990-9d25-13c465964f54,Derek Ward PhD,Turkmenistan,normal
a7eaaa10-f4a4-4feb-a943-94132449c7a9,Brandon Long,Saudi Arabia,normal
57b65a36-79ae-402b-9c81-b51a72eeb009,Lucas Nielsen,Sri Lanka,normal
26bba1db-3e95-41da-8aba-cdb325a6da7a,David Snyder,Bahrain,normal
84e8f60f-b028-4d00-95bc-78b66b706229,Faith Mercado,Korea,normal
5667073b-b9fb-4e4c-89fd-cfe1a48c2157,Douglas Burgess,Sudan,normal
8a383b5f-450f-42d0-b7ef-ce07005ebbe6,Jeffrey Burns,South Africa,normal
047fda66-2032-446b-a295-6c4ce3d8b861,Joshua Marsh,Malaysia,normal
de25f962-79d8-4ef7-9b02-9349641b4ce2,Chad Scott,Chad,normal
00cdb786-4b72-4b06-9a5f-ccd4ae63019d,Kathryn Flores,Netherlands Antilles,normal
031798bc-75f4-4c8d-a2d1-6bcaee71c8fc,Kimberly Pena,Zambia,normal
39b8db76-c4ec-4d4c-b237-ce3b164492dd,Anthony Wilson,Greenland,normal
b5b46b35-815c-496b-9967-3e853250d26e,Angelica White,Benin,normal
bbeb3f07-93d8-4de2-b6cc-caf4e74d8780,Adrian Holmes,Korea,normal
8caf056f-24d7-4edb-bcb6-6af31d87cab7,Darrell Olson,Serbia,normal
14d256b7-6c98-4309-9886-526bdf7824e9,Stephanie Black,Vietnam,normal
dac1bde0-83fb-4b13-b972-084d6b5be035,Debra Johnson,Algeria,normal
3264263a-2725-4423-80f8-705d428a2cc4,Mary Young,Vanuatu,normal
02f1e9ce-d430-45af-b296-feb4ecde72d8,Ashley Brown,Nigeria,normal
f044e163-7470-4af5-8e83-7c765807887f,Susan Jenkins,Wallis and Futuna,normal
4d62d6bf-0c4f-43c1-bbc6-00ad7cadd121,Melissa Yang,Mongolia,normal
76453152-6831-4648-a455-277048922feb,Mark Pope,New Caledonia,normal
3bdec55d-b9ee-496a-9a55-0d82e25683c3,Rachel Padilla,French Southern Territories,normal
fae866ac-049f-4fcf-987c-bdd32d76ea85,Ethan Maxwell,Russian Federation,normal
d676c28b-4512-4840-81ee-6a2011bc3811,Laura Harris,Mali,normal
3df9485c-4d25-4464-a048-fc09354485fb,Benjamin Greene,South Georgia and the South Sandwich Islands,normal
4f28fc22-ffbe-4573-b5a9-f2c2fcede06a,Amber Vargas,Mauritania,normal
5604c9cb-6bb6-4b91-a346-ca08d625b455,Andrew Alvarez,Cook Islands,normal
e8558eeb-52a6-42d0-b5fe-59b7b766a1b6,Mr. Ryan Long,Swaziland,normal
c04aec11-6d4c-4712-927d-c6f7de759b79,Kelly Gilbert,Greece,normal
52a67f0a-f4f0-4c1c-a9cc-0744c05db70d,Heather Foster,Pakistan,normal
f82ac0e5-5926-438d-94fb-2b2fa77bdab4,Sonya Kennedy,Bouvet Island (Bouvetoya),normal
c777abdd-a351-4c7a-a1b9-5cbf2e3b7758,Timothy Berger,Papua New Guinea,normal
7758dba7-3018-40fa-9756-9006bf3d4a93,Phillip Lowery,Mali,normal
09d939f2-66e2-498d-a118-65ec04e5cc40,Valerie Reeves,Malta,normal
91a1efe8-dbe7-49e6-bbe5-7119d9dfdec7,Jessica Porter,Christmas Island,normal
8c1ef4ca-c5a7-465d-b262-e0ff0f07f6c6,Tina Oliver,Czech Republic,normal
34d86577-0666-4346-a559-3000ee7835a1,Justin Preston,Botswana,normal
ccdd601f-8ec6-40d5-abec-f11c1330c971,Allison Johnson,Saint Helena,normal
d9f39184-2828-4cf6-a775-3834a44fe928,Keith Collier,Poland,normal
d6d1c0d7-bcdd-4bc0-950d-1ac4ddf28747,Robert Bowman,American Samoa,normal
dfc610ef-61c3-4705-b8a6-bad102a397ce,Timothy Barr,France,normal
868f100d-abc1-4680-b471-52c4b4c74aad,Taylor Mooney,Taiwan,normal
e90487a3-b469-4c36-be61-fb9a68f30477,Gina Williams,Gabon,normal
9aaa155d-f599-4a3d-8e88-d7698e37d407,Cindy Villanueva,United Arab Emirates,normal
926a8131-cff7-4a9f-9a20-91f060c7a631,Edward Lloyd,Eritrea,normal
d0c89b17-08d5-46e1-b4de-ee93116cff4e,Patricia Palmer,Egypt,normal
40f19515-0bd7-48ee-bf47-da12b4a7541c,Judy Ford,Aruba,normal
7532bcfd-52ae-480c-9575-edd14b7632c5,Melissa Franklin,Dominican Republic,normal
3d8d31c3-4875-4fc4-bd75-c670a6d33f3f,Manuel Lee,Anguilla,normal
b61110ef-9b44-4aba-a8e8-e085c564d497,Frank Rodriguez,Paraguay,normal
c815a8bd-3d66-4436-a24f-2eb2ebc708fe,Suzanne Sanchez,Trinidad and Tobago,normal
d6eece9d-9112-4405-a675-c5752976fdc9,Nathan Figueroa,Greece,normal
f1844c0d-03f1-4d6d-ab48-996aa1211d48,Travis Robertson,Monaco,normal
e7400cbf-454b-428c-83c4-55bf7415dfb8,Anthony Taylor,New Zealand,normal
9da5167a-812b-42dc-97d1-03c2238b71bd,Justin Wells DVM,Kenya,normal
6581c3cc-cee3-41eb-9cd7-f3a219ba2138,Samantha Ramirez,Maldives,normal
9adc0021-fbea-4188-b606-8930fec1f144,Ellen Stewart,Sudan,normal
cd155ad1-cde1-45a2-8b8b-e93415383dbd,Jennifer Rowe,Mayotte,normal
dd58dad5-e02b-4f43-9de4-c1784f58d880,Shane Santiago,Aruba,normal
f66feb14-239f-43e2-987b-7c978d1b5003,Mrs. Julie Walker,Netherlands,normal
1230c73b-1445-4e3f-a65a-19c0b9542240,Bethany Love,Liechtenstein,normal
e5c265dd-d90e-4bbd-88eb-393f0451b772,Christopher Rowe,Haiti,normal
95b5df63-0c93-4308-8e0c-43fa0334681e,Erika Cook,Sao Tome and Principe,normal
31b8aa3e-13b1-4092-9e02-e01faed829ce,Tanya Gonzalez,Gibraltar,normal
7ac4293a-806d-4f82-bda4-8ba57fdaaf8b,Mrs. Melissa Davis MD,Guernsey,normal
d69fb64c-9000-4d53-8633-a2e25cada8d8,Mary Richards,Bermuda,normal
765b29c7-4a83-4523-889f-7121c5890d2a,Bryan Harvey,Paraguay,normal
3115f273-1f99-41e8-bd05-7fbd43de6c04,Cynthia Ruiz,Morocco,normal
47a9c213-f0d4-4027-8fb1-335a6db27521,Barbara Hall,Sao Tome and Principe,normal
2f464b7d-e4e1-4a17-8687-49249e3c6892,Ethan Powers,Switzerland,normal
7226491c-f142-46f7-8e9c-026899b44bc0,Teresa Mason,Timor-Leste,normal
9a670eb5-5dc0-431d-a633-6d0aa4698e32,Crystal White,Korea,normal
49e2d60b-0d91-41a0-baf7-938fe2682eb4,Samantha Krause,Argentina,normal
ae47e27b-29e3-4edb-89a9-b0b700066645,Olivia Cochran,Venezuela,normal
f2df5c7a-d62e-4f4e-883f-e079fb3c7a12,Kenneth Tapia,Iran,normal
69ddfb32-b43b-4d39-ae11-3a4434a150f6,Justin Gray,Ireland,normal
562107ae-62a1-4cc1-9993-e2fd1e9ce5a7,James Hill,Turkmenistan,normal
b16d7509-1e11-4bd2-bd57-90d763329a5a,Jackson Morrow,Kuwait,normal
ff5c1485-0590-4f25-b96e-fd6673766d0a,Michael Williams,Solomon Islands,normal
258de7ef-678e-4efb-89e5-1440b5732a3c,Rebecca Larson,French Guiana,normal
8bd1a976-6c41-43d5-b688-9a18f37701b3,Noah Young,Ecuador,normal
318489dd-380d-4d2c-8f4d-8a7d33bf8bbd,Timothy Warner,Mauritania,normal
40d21957-7296-4847-9ffb-515500c81cc2,Jack Kelly,Armenia,normal
c71739ed-7e30-4a46-862c-18bffaa0c7ec,Tracy Herrera,Israel,normal
3db4ec3a-34e8-4c0c-990f-af9b3f1e5819,Krista Baxter,Malawi,normal
a6762410-3628-4ad8-bb0f-9e53532323fb,Vanessa Scott,Latvia,normal
59bdf744-ee27-4706-bc6b-313034bc1f12,Matthew Clark,French Southern Territories,normal
b8032cc9-0c66-47e6-84d4-d26c537753dd,Tommy Johns,Iran,normal
ae4560d7-0610-477a-8d5a-ba728e1ff24f,Joshua Munoz,Norway,normal
40f9d68b-4f9e-4086-a2b4-bf00f18bd259,Colleen Lewis,Turks and Caicos Islands,normal
bc6d35d0-bcd3-4b06-8b0a-674efc113860,Timothy Khan,Italy,normal
4980586f-a470-4b86-850e-855b75f62353,Mary Jackson,Australia,normal
bc0fc3f6-9d77-486e-a9b0-62bce15f44f5,Michael Fernandez,Gambia,normal
4ef63d7d-c41d-4bb7-92ed-e40e3a69cb8d,Emily Becker,Paraguay,normal
bb307820-dc18-4deb-9fe2-73cda23b1de1,Danielle Aguirre MD,Saudi Arabia,normal
e8d9a16a-6001-4d4f-b82c-b3804ae060f9,Karen Brown,Kenya,normal
fb57b171-2498-4f06-986b-223f4a998a29,Alyssa Howard,Serbia,normal
bef7b0b5-0064-45a6-8876-bfc95d9bb0a6,Daniel Rojas MD,Ghana,normal
3fde439e-e729-4c0a-b2e2-16fc381b97f6,Christopher Pace,American Samoa,normal
5b4b6e0d-2e63-455a-8ca1-894bdfe9cde1,Travis Randolph,Nepal,normal
5c202bbf-88fa-4483-8c11-259037af43f3,Donna Murphy,Solomon Islands,normal
d4e96082-d277-44a5-b6ce-b2f0966dcb57,Sarah Benson,Suriname,normal
b8a5947a-2512-4d05-a7f2-e333d88e6aa9,Rebecca Norman,Kyrgyz Republic,normal
dea00cb0-1f51-4eb1-9bd1-e29d5d9e60f7,Amy Evans,British Indian Ocean Territory (Chagos Archipelago),normal
9b9218dd-ac6b-42c9-8a02-e9fc543232f4,Brooke Mccoy,Suriname,normal
e49dc016-7a9b-42b9-ba0c-d551c4484726,Michael Molina,Germany,normal
3a2175a7-1ef2-4536-b949-ddc41011261e,Mrs. Karina Pena PhD,Aruba,normal
9919c938-0ce6-481c-809a-ffe0bbf8ac22,Briana Osborn,Afghanistan,normal
9e1fba91-5502-4076-8e51-b4e357dc7fc7,Kara Marquez,Sudan,normal
27d553c9-3342-447f-97c7-4109f6e6d231,Rhonda Sexton,Portugal,normal
24788e21-4666-4076-8fa8-c0ae714f5e08,Levi Gonzalez,Poland,normal
eb058b35-900b-42a1-82c7-ef222c4a25a9,Jeremy Johnson,Lao People's Democratic Republic,normal
82ef33c6-7084-4a53-aee5-793b267c197d,Christopher Mcmillan,British Indian Ocean Territory (Chagos Archipelago),normal
43f7555a-ce7d-4755-91c9-bf01021ac4a4,Miss Melissa Hughes MD,Fiji,normal
7bc1afa0-7993-45d7-9b36-7e27edf94188,Barbara Watkins,British Virgin Islands,normal
f164a4e5-80c4-48db-b8a6-80e24528f5af,Cindy Foster,Morocco,normal
8fd86b7d-c25f-4589-824f-a7509cf1986a,Erica Mcmahon,British Indian Ocean Territory (Chagos Archipelago),normal
ccd3a5df-abba-42ed-bbf7-f0172f0e9919,Joseph Morrison,French Southern Territories,normal
74874277-1609-404d-b3ee-15a13c317010,Christopher Brooks,Macao,normal
47712414-915f-46e9-811f-6326fb62925e,Christine James,Bermuda,normal
f2aaf9a7-9fb1-46ac-9b03-7e9a02c02167,Blake Parker,United States Virgin Islands,normal
904b6c22-5852-44c6-8868-5f2e1de55fac,David Larson,Kuwait,normal
4c842d2b-bed0-4d05-9c67-6f5bda06a128,Antonio Freeman,Congo,normal
1eafecad-81e3-43c1-83e9-650f76dfe3b1,Michael Ryan,Iceland,normal
ee9a8b9b-a858-4b27-9d27-5759fd2cc99d,Lisa Harris,Netherlands Antilles,normal
a4bd1124-f3c7-4b24-b44a-209e15eb7ed7,Michele Davis,Bulgaria,normal
589a2304-fd1e-4479-a061-f769dac8c672,Courtney Curtis,Mauritius,normal
35899573-ce07-4599-b642-6e7524e078b0,Danielle Sandoval,Germany,normal
b4d42dc7-6621-48a9-a1ee-8bd1370ba0f3,Katrina Anderson,Germany,normal
408e8749-c084-45ab-9289-93a32f420cfa,Lorraine Gill,Estonia,normal
b0cdefce-29d8-4b83-97e1-f7423adeb853,Guy Hughes,Brazil,normal
f5328aa9-9275-4954-9fe4-f99bc53e7cb2,Melissa Peters,Greenland,normal
8e6b15b7-7524-402d-a856-41b3e9988b2b,Ashley Rollins,Jersey,normal
e3dee54b-104e-4d4b-9299-7f6a69f852dd,Michael Jones,Turks and Caicos Islands,normal
8bced187-b0d6-43be-8d28-746b7640135b,James Pearson,Heard Island and McDonald Islands,normal
e7e4a6e8-43b0-4584-8454-cf7c08a81b7c,Perry Liu,Costa Rica,normal
bcc7c610-65b9-452d-8205-ba55458781d4,Julie Payne,Malaysia,normal
8336b9b0-1c15-4227-bba6-6509a017ed83,Beth Stephens,Taiwan,normal
0c05768b-c774-41de-9ded-5de71f356c26,Eric Smith,Botswana,normal
069261e3-b792-4bf6-bca0-0519b7216ed8,Maria Byrd,Hong Kong,normal
1de9ddc3-321e-4469-ae4c-fcd188988411,John Smith,Wallis and Futuna,normal
6272de56-9a66-4124-95d9-a90958819b02,Tanya Sanchez,Cote d'Ivoire,normal
c7663527-e77d-442d-8d49-af37eea1ba13,Rebecca Poole,Cyprus,normal
c21c1fcf-7273-4beb-aa9f-9e0c7735df6b,William Thomas,Vietnam,normal
8a6cd038-e8a3-481a-bdfb-ad7bd394586c,Kayla Ramirez,Maldives,normal
b0c7674d-b44d-4508-85a1-c7b3f7d3be4c,Willie Hall,Norway,normal
90a237ca-33d1-4cba-9cce-9885c116c1c9,Heather Reeves,Nicaragua,normal
ba235da2-e62c-4f17-9bed-57efb6750760,Melissa Griffin,Yemen,normal
55b0c82b-e86e-4d20-b5c7-8b08757f3891,Ashley Christensen,Czech Republic,normal
9f3851fa-3cd5-4104-8224-448216f13e78,Jose Watson,Uruguay,normal
b0372c1c-d195-4771-b21b-ba8e86ae358a,Matthew Armstrong,Haiti,normal
f41c8181-f97d-43a1-8a28-a60f47e737e3,Amber Jones,Saint Barthelemy,normal
0c102d53-96ee-4be3-ac1d-ad977aa30cb2,Destiny Garrett,Tuvalu,normal
3f002f5c-883f-4ddd-812e-58f804b76ad2,Kevin Baxter,Jersey,normal
6350f2cf-b426-4c2c-b19a-9c460d869612,Sonya Ellis,Falkland Islands (Malvinas),normal
2ad0f223-c9b6-420d-b3c7-4a1e1b531969,Peter Bruce,Guam,normal
300aa745-9af1-43d9-87f3-33c1c58a40a6,Donna Lee,Grenada,normal
e3264295-5c3b-49b0-8a21-c3e5bbb9086b,Anthony Crawford,Azerbaijan,normal
91cca688-5b1e-4bbd-9c19-b6c47cfd675c,Daniel Juarez,South Georgia and the South Sandwich Islands,normal
3e59d354-296d-486c-891c-8551b35ab3f9,Mark Wilson,Bermuda,normal
f1830d7a-b7b9-454b-8067-bd31dae45f90,Christy Bean,Georgia,normal
90f7e9c6-827e-4171-a4dc-b3cb576588f1,John Roth,Hungary,normal
c6a3999e-54b3-4130-84aa-bf4a73671d4f,Ray Miller,Antigua and Barbuda,normal
c1cb48fe-3fb4-4b6b-bccc-529586d02697,Robert Hale,Cayman Islands,normal
b9e58fa2-3429-4e79-9e1f-d46683e743d3,Adam Wilkerson,Kiribati,normal
2801bc75-24e2-49f8-9476-a4d76ce46ecf,Christina Jackson,New Caledonia,normal
678c2321-a9bc-469b-86de-80c3b07d2cb1,Douglas Rollins,Belize,normal
98889c3b-7aa8-4a18-be77-e3a3c79fe634,Michelle Richardson,Northern Mariana Islands,normal
7bc96632-a04b-4164-aaf0-52a77d54dd27,Anthony Stout PhD,Palau,normal
0acc70b7-2a60-458e-bcc0-3e8be956221b,Sheila Hart,Honduras,normal
457c5106-70b2-42d2-9ab0-12d7d53a9c9c,Linda Carroll,Martinique,normal
8068a69b-b193-4422-91d0-5981bcadc2dc,Erica Riley,Andorra,normal
12ef8a59-c1ce-4624-bd89-8647b2ae0f3e,Elizabeth Collier,Albania,normal
bcfe8752-d08f-45dc-a6d3-cf39d193893b,Brandon Rogers,Somalia,normal
3104165f-f1d6-46c8-87ff-51d7fec1c360,Mary Stone,Cyprus,normal
79f2d15e-0568-4a8b-8783-25b2ba08d0e0,Steven Fox,Philippines,normal
88da3e5e-d0b3-4da6-bd26-a38ecec3faf8,David Butler,Yemen,normal
bc300d16-deaf-434d-81c9-7f4846b8623f,Laura Edwards,Togo,normal
8cf8210b-ecb9-41d6-adaa-e68f92c0acfd,Joseph Williams,Guatemala,normal
3eaad621-809f-4e85-92f8-e9b52f388374,Gary Estes,Austria,normal
8b9acaf3-d923-41c1-ae07-31a12728a9ec,James Novak,Cocos (Keeling) Islands,normal
44bffd65-951b-45f7-9bf8-ad0215f126f0,Ricky Higgins,Greenland,normal
48f599f3-aab7-455f-89d5-969b925e729a,Michelle Hurst,Gabon,normal
951f6112-1156-4f5c-9af1-80b8ffd88575,John Bass DDS,Antigua and Barbuda,normal
52e753c7-6108-48b8-ba2d-67edef1299d6,Nicholas Morris,Bolivia,normal
acd7804d-85a3-48c4-a6f1-97bb5f8364d1,Pamela Lewis,Botswana,normal
450f79a5-1802-46c7-8476-db446b687a7e,Deborah Ashley,United States Minor Outlying Islands,normal
b0b35ef1-f9ee-4b24-bbbf-53e91b158768,Alisha Black,Ethiopia,normal
494acf6a-2f75-4d13-9b62-af1a73aa06a9,Shawn Hill,Holy See (Vatican City State),normal
fcaaef41-16d0-4bc2-9e9b-1abaafd2798a,Brian Clark,Luxembourg,normal
10576f4b-c99d-4ca8-9090-ef90122aa218,Christopher Shelton,Bahrain,normal
79942413-5984-41ee-8601-1aaf72523685,Jeremy Cervantes,Maldives,normal
b25be1cb-100a-4ceb-bab3-83de6bcbdc6d,Andrea Holt,Saint Helena,normal
f44d04ba-1f8f-47e5-9498-d729caeb34f6,Angela West,Togo,normal
b6818123-2496-4707-8850-05fb3c476c0d,Robert Cox,Cuba,normal
3ec68a2c-d11a-49bb-824f-e01cd51f05b2,Daniel Smith,Costa Rica,normal
bfa58681-7cc9-4477-9504-929d327b138a,Krystal Knapp,Switzerland,normal
34ddf51c-8ff0-4640-b931-113a0bf981a8,Paula Stokes,Turkey,normal
7f6d577f-8dd3-4d30-8440-911d60ed9cd1,Jordan Davis,Eritrea,normal
69fa986c-4288-47c2-93b4-a866d7f116fc,Jennifer Garcia,Gabon,normal
9dadae57-94f0-433a-a406-62bd538a2485,Francis Cunningham,Saint Barthelemy,normal
7541c559-96d7-47cf-8641-db7024ae67a3,Joseph Edwards,Bermuda,normal
5b9d1b44-6238-4f04-a56c-8cc745fca834,Jerry Estrada,Togo,normal
e47c1605-8bbf-44a9-b818-02a2da2fdd2e,Brianna Snyder,Uzbekistan,normal
7dbf9fb5-5542-4cf4-928a-a7d45d1bc99a,Daniel Barrett,Croatia,normal
bb7b08f9-a2eb-42b7-8e77-47afbf0df7ec,Brittney Hernandez,Libyan Arab Jamahiriya,normal
e807ec73-0a5e-4938-a87b-4e553a649c7f,Jennifer Browning,France,normal
654246ed-3e06-4f2d-8b72-ac89d58ceee6,Wendy Beck,Egypt,normal
600320b4-ae14-4604-a71e-24cbefd12ce0,Ryan Melton,Cyprus,normal
a6eb2dbe-fe14-4145-b3dd-9c464a38f836,Jerry Estes,Cayman Islands,normal
f6c8a725-bcb0-4d1d-88a9-599f010216bf,Isaac Campbell,Andorra,normal
b06691fc-83b4-4224-89f0-5c40aa79ad64,David Kim,Canada,normal
5e442d3f-ab74-49e7-ac46-4b08b436f4c2,Anthony Duncan,Turkey,normal
2ce31bd0-a071-4bd9-8338-3ed1ee77acf8,Tamara Jenkins,Bahamas,normal
32ff6f9e-e9ef-4ec2-9836-dc19ef4191dc,Charles Jackson,Guinea-Bissau,normal
bb80e354-d7d6-4643-bd0a-7b094ad09a76,Carlos Perry,Sweden,normal
f8ef995a-29fb-422a-a9ec-cf62e6393c4e,Crystal Davies,Thailand,normal
27cde4ab-d62a-4093-a1c5-bc91a17c0b92,Diana Shah,Fiji,normal
77bf5d90-5bae-4ba6-a7fd-5f0b406e3763,Jordan Jordan,Tokelau,normal
9981bc14-1eb0-417d-9469-8db7da5d47c6,Amber Stein,Serbia,normal
938b67cc-df42-4aa0-8ddc-75dbd6a0d7b2,Alexander Morrow,Singapore,normal
f8c6f336-9592-40f0-a4b1-ac47b485ef4b,Eric Barnes,Saint Martin,normal
0d7bb67a-db63-4a95-a098-0abb8205e13f,Kevin Holloway,Guam,normal
becdf8ce-f9d1-4864-b524-dfacb7674c3c,Suzanne Smith,Seychelles,normal
4715c183-85cc-4109-8234-a0d4893a14ad,Kelly Bennett,Hong Kong,normal
41b81f29-c7ff-4b1a-950d-5fa7f87dd9a9,Bernard Cummings,Australia,normal
4287ee32-fdaf-4d19-8df0-47585e827b83,Elizabeth Gonzales,Haiti,normal
6a532ba0-0b2f-4763-969b-7a12acb03620,Rachel Clark,Tanzania,normal
175a7588-c82d-43b3-aae2-760cec3fc310,Richard Garrett,China,normal
88529bc7-227c-4c98-925c-3a76691525fa,Robert Garrett,South Africa,normal
20f238a5-8a26-4fb5-97dd-b746dba43fd3,Jeremy Rogers,Turkmenistan,normal
3c716d71-7770-4b89-95aa-92ba5cb0a7eb,Eric Brewer,Eritrea,normal
617aad70-847f-4899-81ea-f13a59d7aba2,Alyssa Johnson,Panama,normal
b1bd0b52-7066-4c2f-9992-dcdeaffcf88a,Tracy Rice,Rwanda,normal
4f12916f-a84d-45c0-99bc-ac98508c69db,Alexis Clark,Greenland,normal
4e629e41-4f2f-43ed-917c-a63481850ac4,Erica Burke,Netherlands Antilles,normal
2b72f952-87d2-49e5-90bc-a3f272109deb,Colin Parsons,Tuvalu,normal
aa37f8c5-1720-4403-9a5c-ce70fa6487ef,David Bishop,Canada,normal
efc2dde4-b3bc-46eb-82f4-1b4f83083ac4,Michael Pierce,Slovenia,normal
1ca7ff95-78c0-44e2-8f6c-29a0065faec4,Eric Garcia,Bhutan,normal
d7a66578-87b0-47b7-9379-1eb1d08cb78d,Margaret Dillon,Lao People's Democratic Republic,normal
224c6441-658b-4385-b2dc-9904ada3833f,Carmen Trujillo,Guinea,normal
9ddd8071-3973-4051-85cc-5e76f1037964,Aaron Murphy,Cote d'Ivoire,normal
776eba1c-6ec5-43da-a4fa-54d6b1f4acec,Aaron Jackson,Cote d'Ivoire,normal
427b62f6-35fa-4545-b072-19343c8e2fc9,Robert Sanders,Uzbekistan,normal
1b07df47-be91-4cb6-9224-cc01d87385d0,Sophia Vega,Korea,normal
f49f38dd-263b-4d78-8db6-bfe90888f001,Marisa Gray,Mali,normal
be55d2b2-42dc-4a8f-b690-d9c440c116e0,Mallory Lee,Equatorial Guinea,normal
58d14715-7ce5-4734-9122-7b869f1cf2b3,Alejandro Austin,Egypt,normal
0c0fdd70-fab2-47b7-a010-1e4e230abc86,Destiny Johnson DVM,Gambia,normal
45e7c7f7-9fce-475c-b395-73dd8b86071a,Amanda Drake,Moldova,normal
a4ff3cb0-ecce-4d9d-b2cd-a36d3157885d,Rebecca Briggs,Netherlands,normal
ab530db0-7f94-4122-94fb-64da0ce10371,Stephanie Lewis,Sao Tome and Principe,normal
7b9fb643-9f59-49b3-99d4-3386717ebcb7,Sandra Richmond,Guadeloupe,normal
7ec4f6d3-fbc9-40f2-8713-fe9c97f1c2a1,Scott Daniels,Switzerland,normal
583933b2-4d53-4b0a-a266-c00a49070d88,Jonathan Foster,Papua New Guinea,normal
b360fdb7-c6aa-4e54-a112-dfca1c76a11d,David Hampton,Romania,normal
5131a945-8bdb-43da-baab-ee8299b1edd5,Amanda Mckenzie,Ireland,normal
f471098c-3ece-43a4-8380-824fe281e29e,Robin Bennett DDS,Sao Tome and Principe,normal
4a29da9b-b48f-499b-bf49-b59fe3c3e19c,Alan Brooks,Kiribati,normal
8cb5b021-329f-4a1f-baa3-306759af1a33,Jermaine Robinson,Papua New Guinea,normal
1b854fbd-08a6-42a5-b021-0ff7a2394241,Jillian Howe,Madagascar,normal
dd03483b-5103-4e4f-8a5e-742b6ae0d319,Vincent Cook,Sao Tome and Principe,normal
b8a38287-07f4-4b19-9e25-16da56e8a097,Henry Johnson DDS,United States Virgin Islands,normal
81d5d43a-7b8e-43a2-a4b8-dc4f376189a5,David Davis,Luxembourg,normal
2057abb0-0ff4-4880-be03-99eff119cfe1,Jennifer Alvarado,Slovakia (Slovak Republic),normal
71c535eb-5f50-4d37-bfa9-6178caf2e224,Brittney Jones,North Macedonia,normal
93f13732-605d-4129-9722-04f469506dc1,Tyler Mckenzie,Vanuatu,normal
e4cfce05-642e-40ae-8aaf-c469b749d82f,Edward Snyder,Congo,normal
6a4e71f6-d11b-4d2a-9030-2c312fac1595,Alejandro Rodriguez,Vanuatu,normal
0dee1fde-ea4e-4942-806d-7aa510ccf254,David Freeman,Guadeloupe,normal
bc4ccbc3-4604-4b92-a371-631a6bcc2b37,Shelly Boyd,Malta,normal
cf32116f-fc9c-40db-bfd8-da3eb6385054,Desiree Evans,Libyan Arab Jamahiriya,normal
a1909b84-2b56-43c3-9f63-ca7b2307d144,Andrea Brooks,Russian Federation,normal
b7c8f6e4-a328-489f-ad6f-7554962a7ad7,Joseph Ware,Italy,normal
a59e8c46-3937-44ac-8da0-49974296790f,Victor Johnson,Lithuania,normal
1fdd70ca-d5a2-4a61-be07-024eb7a3bb11,John Miller,Guatemala,normal
dde58880-115c-41df-af2a-5d585f28d4b8,Maria West,China,normal
613451e6-8eb9-431a-9841-3c6f7846a935,James Valencia,Guernsey,normal
1a4029cc-45db-4bb2-aed9-b8ed23a2c1b7,Sylvia Anderson,Dominica,normal
80a543de-c996-4f3a-9e10-48c9b64d5588,Linda Oliver,Congo,normal
76356f8e-9a0e-428e-a5d1-07e9d22295c7,Courtney Hubbard,Madagascar,normal
3cf3d17e-20be-459b-9f1f-48fa07249fd6,Stanley Sanchez,Norfolk Island,normal
39e5603d-e7e6-4b32-942d-ecafcbf9289a,Elizabeth Hampton,Guyana,normal
bde0e51e-00da-40de-b502-d623eca51e23,David Santiago,Ireland,normal
de23ac10-862a-4a8e-a739-89fc41ca2dca,Tina French,Algeria,normal
67c32792-2c59-49f8-bf79-08fe93989af5,Andrea Harrison,Korea,normal
00ddf96d-b388-47aa-ba55-e96ed6226dc0,Brendan Cook,Italy,normal
8210febb-2612-4366-9e19-f430ae33f2db,Brandon Cardenas,Saint Kitts and Nevis,normal
e318b32b-cf21-4e6e-bdf0-5aab1f9ba75a,Sean Campbell,Solomon Islands,normal
0b0afe86-a377-401a-826b-312fa7d391d4,Holly Salazar,Chile,normal
86c80e74-9ed1-48c8-865f-c1e9d0936551,Jennifer Kim,Aruba,normal
bf305ed4-910b-4c2c-b899-c7f10a4a208e,Jeffrey Sanchez,Peru,normal
8c6a07d1-cd5f-4140-94c4-a435458bf330,David Gay,Tuvalu,normal
9b4c1d62-fad1-474d-8331-3c93fca64091,Vanessa Arellano,Equatorial Guinea,normal
f63ee337-22cb-43d8-af9a-92e3578e0931,Andrea King,Kazakhstan,normal
5c6ded0f-2ef2-4d76-85ba-3f737f0e0ee5,Kerry Clark,Haiti,normal
8944e536-115a-477f-be13-642f812951fa,Tina Cohen,Montenegro,normal
668a45cc-0252-480d-b95a-48f40ffaa5ac,Robert Williams,Tanzania,normal
c0d21da1-9f62-4e4d-bbf9-ba1c1d9e1b8a,Erin Johnson,Saint Martin,normal
43cf2cc2-66a5-46ec-99b3-5caff83e3f98,Melinda Williamson,Macao,normal
ddfb0295-4894-4a44-896c-d2256885d116,Andrea Lane,Dominica,normal
2745b96c-6ded-48a0-ae07-f02c1d3c9ba6,Bernard Welch,French Guiana,normal
225b2524-abd4-4e31-ab3d-2cba4710bebe,Matthew Walker,Niue,normal
f3eeb8ab-fcfd-4807-8031-ff2b7fe81c9a,Tiffany Williams,San Marino,normal
acc061c9-5402-4287-8800-0b1d5bf954cd,Evan Wilson,Zambia,normal
44f16d34-66d9-44fd-9781-49f8ca6cb9da,Kelly Gomez,Turks and Caicos Islands,normal
4ae47e2a-1435-46ff-bb13-8cc1a3b6ccac,Ryan Price MD,Wallis and Futuna,normal
d261a4c2-fd03-4356-9f00-f2f725deb9a7,Daniel Aguilar,Denmark,normal
8050e2f1-7ef9-4fe9-a092-33ad79d4c223,William Lawrence,Grenada,normal
8b2a59d4-67db-406b-9acb-db1a008ab29f,Ann Mason,Guinea,normal
15784e80-8919-48ca-bfad-503d39f56275,Kelly Moreno,Egypt,normal
34048732-9076-4883-8a2e-c9b7a9adec1e,Kevin Walker,Vietnam,normal
c7a9196d-935a-4c53-b1d2-afc3af42a8ea,Benjamin Holmes,Turkmenistan,normal
3bffe508-98dd-48bd-ac55-cdf0de0943dd,Jason Brown,Guinea-Bissau,normal
b10606cc-71b4-43f7-9396-b97e8fa4fa57,Ryan Rose,Monaco,normal
605cd60f-b0c7-4733-b8c6-e66653d0e58a,Ivan Ferrell,Montenegro,normal
82d955a7-42b4-4902-aeb2-8ad15b93a753,Christopher Ray,Andorra,normal
aca7676e-3e40-4c06-8c74-b8a116adbca3,Maria Davis,Kiribati,normal
a0513c70-40d2-4a1b-8199-f5dbe186439d,Carla Davis,Rwanda,normal
c836a05f-6241-436c-8ed2-20aa1258a456,Raymond Robinson,India,normal
988c7342-eead-4fbb-91d8-33fd1b2179c1,Robin Mills,Zimbabwe,normal
2a5f2935-df03-4f4c-9a6f-62ae2d1edeaa,Isaac Villarreal,Grenada,normal
23b1b758-53f4-4c69-8c40-2a6101107e3a,Maureen Douglas,Hong Kong,normal
b43e3c9a-4469-4130-8e31-dc727284ca4f,Michelle Wilson,Guinea,normal
412749be-2ad8-4224-85b5-33b032905959,Robert Turner,Saint Barthelemy,normal
ecd3bf0f-bac9-449a-8cb0-8ddec6598e92,Amanda Jones,Denmark,normal
bf3147fa-d1e1-4846-b38d-fe8ea899f614,Mr. Donald Peterson DVM,Hong Kong,normal
35946fe4-edb9-4b3e-8eb6-acef7f37496a,Andrew Lopez,Palestinian Territory,normal
b9eb36f6-bedd-4c1c-9e6e-2ae9507a701f,Terrence Jones,Ghana,normal
94a1eb13-5a83-4133-9aa8-e64b9a041464,Michael Hale,Algeria,normal
7176c699-164a-4d18-b691-0db0dcc61f76,Connie Thompson,Cook Islands,normal
edc67143-79f3-4119-861d-2e926f0f1f72,Ray Schmitt,Uruguay,normal
6ef0bb7f-a939-4660-8f54-c0fa0b28fc10,Laura Dawson,Canada,normal
ea13fa28-4ba5-419c-86a8-ee2a6d87e834,Marc Pratt,Armenia,normal
b3c2b6c4-b5c6-43cc-af78-909e30798e9d,Aaron Cline,Montserrat,normal
8f0cd6c0-2c41-42a7-8b94-d90df69d6737,Megan Davila,Niger,normal
aef24c62-8a6f-49df-b46e-3824df45c370,John Baker,Bhutan,normal
1faade2e-0f68-4d6c-9aa0-2dbe40db4d89,Elizabeth Rodriguez,Bosnia and Herzegovina,normal
770eca1a-539b-4d28-9979-b42af96388e8,Paul Wilson,Finland,normal
237c6e59-0c8c-40e5-a680-90e1142b39f5,Theodore Anderson,Marshall Islands,normal
16c5c808-15fd-419e-a5bb-8b92133bf2ba,Brandon Blanchard,Seychelles,normal
95e07cba-1ddd-4848-9101-2cc647197e75,Taylor Garcia,Portugal,normal
871c0476-b1d7-4b23-8ec2-29e3753508ec,Matthew Garcia,Dominican Republic,normal
cf89c60f-74fa-48f2-8b73-75340c5f4f3b,James Wolf,Bolivia,normal
05970bcc-5c5d-4cf1-b0e5-b50f91e302e5,Kristy Kelley,Jersey,normal
2de61ce7-4faa-43f6-a47f-fccf14180d9a,Valerie Gordon,Saint Martin,normal
4491ff50-29a4-4013-8754-bc7a8c8a6d47,Julia Ortiz,Palestinian Territory,normal
81bffe3e-6aef-4887-93fb-b1771f1c0aed,Valerie Jones,Ecuador,normal
4a114803-56ce-4edb-ab3d-b6145c8de50b,Gabriel Walsh,Yemen,normal
4e9e8922-a4c0-449c-a694-b1f3c32ee4a7,Heather Bauer,Guadeloupe,normal
1a9d413c-cd49-42fd-a55e-f868d6beb848,Wendy Perry,Monaco,normal
7405de82-c074-4984-b67c-69c8d17e08b9,Renee Jones,Bangladesh,normal
ee771483-5711-44ce-b3ca-0d46eac75de5,Daniel Johnson,Oman,normal
0d778a60-83ca-40bb-8dbe-57aae5b06ba2,Jennifer Ward,El Salvador,normal
0704fc3e-b9f7-44f0-a190-a6e55360a18d,Amy Austin,Pakistan,normal
8c367ae3-7582-4a3b-88ed-dcb8d06f3d0d,Margaret Perkins,Iran,normal
c4deb6b2-f53b-466a-b816-204a3a65cb36,Brandon Johnson,Moldova,normal
f05a0d6b-adef-452d-90fc-ddc195f270cb,Dr. Evelyn Burns,Taiwan,normal
46dc776a-d380-4e38-b78c-793058ad6a62,William Craig,Andorra,normal
87d8d97c-c536-4b19-abc8-67cbcecad72b,Jeanette Tran,Kuwait,normal
2e74fbfd-b5c4-4f70-adf7-b7dc231dcd65,Casey Madden,Cuba,normal
368c3cff-9a0b-4163-8b9f-f599ab790fca,Anita Mcintosh,Burkina Faso,normal
37439b0b-6a9b-4484-8619-282f20b14630,Kelly Perez,Romania,normal
2bbd22db-03c5-4f6a-8b6c-a1d00a8de310,Jessica Perez,Liberia,normal
497af3e6-b514-49f9-a8be-04b1e9f48840,Caitlin Conrad DDS,Cote d'Ivoire,normal
85dfdcc7-6244-4863-acf8-f3de4013dd83,Lisa Sullivan,Lebanon,normal
b841369c-e8be-41af-9084-6e3f427ada8f,Jessica Jones,Dominican Republic,normal
39cc9360-6045-4dcb-8acb-2dbe036d43fa,Janet Mullins,Andorra,normal
87d96abb-d731-4ac7-97da-1221dd6e2d40,Alexander Peck,Sao Tome and Principe,normal
3abfc3ce-6f4a-4761-91bb-16cdd9c51b50,Michelle Romero,Canada,normal
7eb1fe41-3d09-49a7-b4b2-7fdc7e2650db,Kelly Jones,Eritrea,normal
7f4a12c7-1b4f-44d3-88ba-e2d02baf88ba,Paul Gay,Ukraine,normal
c419e692-f656-4fc0-b86c-e8d4a09eb3a8,Jessica Clay,France,normal
12b6dea0-f8ff-405c-a842-8c6a986a47fc,Jessica Lyons,Samoa,normal
8aa93121-8fbc-4d24-a06d-3b84f6c9943c,Samuel Martinez,Pakistan,normal
1a1a5ac3-d897-4cf7-8e8b-02ef7f04cc63,Heidi Proctor,Honduras,normal
0266a146-3a1e-4d45-ad46-e17766993a17,Alicia Lewis,Iran,normal
c537ff70-dad7-462c-9963-1f86b516cfbf,Kathleen Williams,Lithuania,normal
322d729a-e9a8-43c0-98a5-77021bda6629,Timothy Smith,Seychelles,normal
c6468139-b140-455f-8284-f9089e9bc2eb,Michael Porter,Cook Islands,normal
15346b40-013a-4c5c-9853-5a409e065f74,Debbie Day,Niue,normal
dff366e6-8a08-4e29-8fa0-3af723994a64,Emily Campbell,Finland,normal
48fb99e9-0e7e-4646-b4b3-957177d0952e,Clifford Davis,Uganda,normal
bfc8b4f6-1544-48b6-ad22-bef768cf88b6,Julie Torres,Denmark,normal
643ddd29-8491-4f68-b634-faf089f4e3eb,Morgan Turner,Maldives,normal
85561dd9-115c-4d3c-a7da-18682ffb6ae7,Sierra Hampton,Serbia,normal
d1152f45-895e-4208-8d62-b647e8b31ef7,Ruth Walker,Haiti,normal
381ed58a-2254-453f-902f-063c8a030ba2,Kyle Williamson,Wallis and Futuna,normal
2212184e-d4ad-4775-bfa1-952cf74b360b,Michelle Harmon,Mayotte,normal
25bc0408-4389-48e4-bb1d-5673b4da17b2,Sharon Petty,Guam,normal
868c29ae-b616-48a0-9369-82dd0611ce36,Cole Murray,Holy See (Vatican City State),normal
4cec5127-50f4-4488-a68c-76f1e34dcecf,Stephanie Cook,Jordan,normal
d7795bf8-525d-48c2-ad38-1bee875318ee,Kelly Kramer,Peru,normal
092bf341-e421-42d9-a174-3e4d2288b78b,Joe Downs,Nigeria,normal
df0ae342-da6d-4a7f-ae15-3779bdd0dc2b,Steven Harris,Turkmenistan,normal
8839dd5f-df8c-4f28-bb57-0603f7cd07ca,Holly Wolfe,Barbados,normal
cb1b5694-cd11-4c05-8cdb-ef808ddc74ae,Amber Scott,Saint Martin,normal
0c59805d-3603-42b2-a7a7-305d3c015592,Cynthia Anthony,Chad,normal
61e52f71-b617-4266-ab56-0dec5cee6a33,Anthony Smith,Bermuda,normal
06a0be2e-c01d-4fdc-9606-cc6ce7868787,Lauren Lam,El Salvador,normal
e9ec5d80-1a4f-47b4-8ad6-c56f256bb2f7,Paige Morales,Norfolk Island,normal
163df5fe-6508-4847-a1f2-7dc46f6d4b95,David Allen,Anguilla,normal
a0150e8c-3c43-4c7b-8a93-910dbd3659bf,Elizabeth Robinson,Cyprus,normal
0dc51fa4-1f08-440e-bca2-ab06f2c4c759,Jeremy Edwards,Burundi,normal
471cdb24-95fd-4742-8114-8d2242aa222b,Pamela Weaver,Burundi,normal
ba066ef4-c06c-49b8-bffb-3c57e372b96d,Michael Wilson,United Arab Emirates,normal
c3a8edd3-5849-426d-b518-dce060bf74e4,Vanessa Dyer,Lao People's Democratic Republic,normal
f2676720-76c3-42a5-b59b-844a63481d61,Mitchell Williams,Andorra,normal
31d12e65-ef4d-41b1-a65f-fb666ea4fd37,Courtney Saunders,Singapore,normal
7c3ca100-52a7-4fdf-a6dd-170f5f9395ba,Justin Patterson,Micronesia,normal
97ff72e0-95c6-4c18-8f73-d1d6ab476e14,Lauren Henderson,Reunion,normal
4680c427-fc49-4710-bb72-0ef8d1a233e3,Elizabeth Martinez DDS,Seychelles,normal
1be604df-42c2-4cab-a58d-4fcbc2d73111,Kenneth Mckinney,Italy,normal
db5ac335-f1d6-4236-b555-54fa967b6721,Kelly Gross,Malawi,normal
fdde81a2-6547-4aba-ba91-d64930678f7a,Shannon Obrien,Italy,normal
cdd28dd1-f009-419c-b945-e202467ef0e5,Anthony Conway,Poland,normal
f6e321cd-23f7-40ff-9be5-4ff1de7afd4d,Anthony Williams,Niger,normal
e13e32a1-052e-4d63-bbd0-4f7e347c3b48,Michael Mcdonald,Israel,normal
3dd0c769-9e83-48d3-b593-b518935cce9d,Katie Mcpherson,French Southern Territories,normal
d317a465-1ae7-4988-b284-5ef52c3e95b3,Ronnie Harvey,Croatia,normal
e03b5d80-256a-4231-a687-e55a2866eb43,Marcus Mcfarland,Norfolk Island,normal
618d7307-91cd-4d36-9a51-bbe1e978ee33,Maria Fields,Saint Vincent and the Grenadines,normal
f41d4c92-17ff-4be6-81a9-f34a94cbd8ab,Christopher Beasley,Western Sahara,normal
f2494e61-b8d5-459d-8657-1752f77f6ec7,Dr. Pamela Kelley,Christmas Island,normal
b3c57160-fe9a-4b9b-96f2-c658b4df4753,Jack Wilson,Peru,normal
7017d100-635d-471e-9f58-bbec5c1f854b,Mark Olson,Congo,normal
a2e27c56-125b-479a-8537-d5f92be4fa5f,Sandra Cervantes,Luxembourg,normal
464705b7-4f0c-4537-bbc1-04172e002da3,Susan Huang,United States of America,normal
1b004074-2e6d-4072-8013-ed11cf113766,Richard Robinson,Bhutan,normal
20705e99-178d-42ac-946b-bfa80205e550,Melissa Beltran,Latvia,normal
fb160d89-c9e1-487e-871c-5218c77fd02a,Evelyn Garcia,Jersey,normal
a245e10f-72c1-4cc0-9043-d17a4d2583fb,Pamela White,Egypt,normal
3906902d-5928-49f5-869a-215e52b8134f,Tristan Rodriguez,French Guiana,normal
1cdef85b-d8f9-4763-87ee-664974e0b5f2,Melanie Griffin,Antigua and Barbuda,normal
76261c96-28ee-4602-a75d-0565d70a5eff,Connie Johnson DVM,Cameroon,normal
d7d1fd57-a490-48da-802f-5bbceed4daf6,Rita Marshall,Iceland,normal
2326fc14-8a16-4b4e-bf0a-fdef2f1286e5,Amy Rodriguez,Denmark,normal
296c8050-5d9f-459e-b973-228f48875e7d,Patrick Boyd,Senegal,normal
3da31d10-caaa-4723-b3b0-316930c70d63,Richard Douglas,Belarus,normal
a2457cf2-6800-44e0-91e5-abb710e9483e,Frank Mercer,Zambia,normal
90380e3a-8d3a-4902-b3de-f6801d4e0a34,David Baker,Mexico,normal
6d218d3d-9be4-48d0-bc6d-6b8e0552a1e9,Derek Santiago,Jersey,normal
3e054f48-c763-4add-b301-47db4417f04d,Logan Hubbard,Maldives,normal
b918518a-97dd-4b7c-a15d-981f918c5b1b,Nathan Martinez,Gabon,normal
c32d0afc-62f1-437e-8484-3fbfd31d8ff2,George Simon,Canada,normal
3eb7443c-e9ad-445d-9bdd-5cba7cce567b,Sandra Figueroa,Grenada,normal
70738b73-944a-4694-901f-0bdbb2ebb240,Ethan Miller,Micronesia,normal
d7087830-874a-400b-a431-9c4bfc7c9cac,Austin Mcintosh,Costa Rica,normal
31e9f1fc-af7b-4b8f-b17b-69f0c69bad94,Ryan Wade,Chad,normal
e02b808b-388e-4706-bca5-5edd960257e4,Katherine Dillon,Norfolk Island,normal
e2b06405-e5e0-4bf8-ad79-e6d48123ecdb,Sarah Clark,Palestinian Territory,normal
d18f4a44-2cc8-40a9-9bf2-2f4bce7816be,Diane Klein,Australia,normal
6c0622d5-4ddc-4947-8531-4b7228f694d3,Bethany Mathews,India,normal
abe38a91-421c-4616-a2bd-a6ab3a99fcbb,Kelsey Patterson,Palau,normal
db82dc64-8129-4f98-a613-cd4f3cdff57f,Laura Bryant,Wallis and Futuna,normal
af55f253-86b7-4ac5-983c-1cea62152a6c,Marc Vasquez,Haiti,normal
9406cf5e-7743-4209-89c0-d7eacd070f80,Sierra Gibson,Argentina,normal
2be4ceeb-f708-413d-b170-8d4b404ca0c5,Jeffrey Butler,Azerbaijan,normal
62abc05b-fbc2-40a4-a72f-0a0f01b9ca56,Megan Hale MD,Montserrat,normal
1225bade-ef77-43c3-b3d5-14a04cbf9d7b,Leslie Anderson,Poland,normal
878e96a6-3070-4886-961a-290cf3cecb15,Emily Smith,British Virgin Islands,normal
7aa7cf70-3ea9-49b3-b797-f3632d2aece8,Leslie Williams,Kiribati,normal
44ea7fbb-47f2-4de9-877c-459992aac87a,Patricia Flores,Mexico,normal
b98eff65-e0d5-4977-ad5b-7305b24a4960,James Gomez,Iceland,normal
4ae8c1e8-7c7e-4312-84f9-96fa70028939,Bonnie Daniels,Tanzania,normal
4eb92c38-b559-4c8d-b440-ebaf67439b50,Mark Murphy,Guatemala,normal
a278d360-0a16-4db4-915e-f5256811b00e,Jeremy Johnson,Sudan,normal
d370f717-704a-483f-aca6-36dc41e7f41e,Sara Jones,Moldova,normal
bd65ad39-b9a6-407b-a616-427ea1df9f77,Max Jenkins,Japan,normal
f0802eed-73cc-442e-a1ac-4899f21e4320,Carol Weaver,Guyana,normal
c5760b21-cf2c-4a4f-b139-63bcb570771f,Donna Alvarez,Paraguay,normal
28c6dcb6-4caf-4cc4-be19-7ebb8f5a5aca,Matthew Perry,Antarctica (the territory South of 60 deg S),normal
fe44aeea-ea98-44ce-ad6c-c70c1d186a23,Jason Ewing,Switzerland,normal
3dca0ef6-371e-4e85-8909-dc1e0367ff83,Patricia Stein,Netherlands,normal
8a56f138-0810-43a4-8aa1-ca68b3287484,Pamela Sanders,Luxembourg,normal
6fd4b376-85c6-4bc5-a25c-088cd1b026de,Gabrielle Gilbert,Lithuania,normal
04001735-069c-4ffb-8d10-a8896b951469,Gabriel Wilson,Finland,normal
f8e6d629-0e1d-4f21-9bca-cd29f717ec99,Thomas Thompson,Madagascar,normal
1b4782a9-1b65-4325-b420-71d1f88b46cb,Paul Castro,Aruba,normal
dcd8e68a-bd38-45d8-9e94-e152507e9ab7,Travis Graham,Swaziland,normal
1ebc177e-8838-45e2-bc3a-fd21734b6985,Jack Brown,Seychelles,normal
d7eef6f9-2f17-4d39-9c74-603d5affe8bd,Tiffany Gomez,Cuba,normal
8f37b349-42e3-4d16-bdf5-fdd299311fb6,John Arroyo,Hungary,normal
20bca6e7-0afa-4ca8-bdc7-03dacc8fe939,Anthony Evans,Marshall Islands,normal
87a87c47-7257-421d-990b-1d45e2fdd723,Jesus Santos,Moldova,normal
fab88a98-d443-4eab-b784-80761ff33181,Randall Berry,Hungary,normal
c1480602-e8d0-49af-868e-9dbf499b8f16,Ryan Walsh,Saint Kitts and Nevis,normal
2aa19d05-614f-472a-8bef-c79bfe8f463a,William Tran,Bahrain,normal
e32d2b6f-cdce-4f74-a5ee-98be172801ed,Louis Weber,Albania,normal
aa79dc45-2dd3-4cc4-9c22-28d54bb69136,Mrs. Julie Velasquez,Timor-Leste,normal
eacc603b-714d-4528-99ff-96da2bf942f5,James Valentine,Italy,normal
7ef38c94-9450-4456-a5dc-b00f3e41819c,Lisa Thomas,Ghana,normal
df226b2a-ea36-4518-a5cf-337457db04b4,Michael Molina,Monaco,normal
fe4b6cd7-b330-470f-ae4e-288ff156a841,Joshua Chase,Tajikistan,normal
ecb355e1-4040-4ba9-95ba-eb1a2e94c1c1,Elizabeth Adkins,Lao People's Democratic Republic,normal
17658ac8-e596-407a-8cd0-a6b55f10bb89,Michael Mccoy,Trinidad and Tobago,normal
39538a27-248f-4f32-83a3-4c03e20f5767,Amber Austin,Lao People's Democratic Republic,normal
56028376-f73a-456f-9c4c-6f4be4732663,Trevor Woods,Qatar,normal
107fadfe-e6f7-4135-9003-4caca85473c7,James Torres,United Kingdom,normal
2116cb3c-b491-49f3-b7f8-964962ea922f,Kelli Gregory,Antigua and Barbuda,normal
fa794bd3-3733-451c-922f-ba3efe39b0a3,Mitchell Maddox,Czech Republic,normal
b78e5865-caa6-4cd9-9705-3f5d885ff1ac,Ms. Sheri Reyes,Libyan Arab Jamahiriya,normal
6b6bdf24-6681-46dd-99b3-a5d84f646a57,Katie Rodriguez,Andorra,normal
879627e5-ef12-4f37-acb8-3cc927cc2d05,Taylor Velasquez,Jamaica,normal
5f89e025-c4c6-4f7c-a84e-44f523830539,Andrea Deleon,Sierra Leone,normal
2e4bd91f-2120-4b0e-b75b-2ff92391b8b5,Kimberly Barton,Austria,normal
c1db36e1-3920-463d-964d-5a0c960df7db,Kimberly Marks,Congo,normal
ef5f5c66-553a-4ee4-a028-0e2bbeeb12f8,Brandon Riley,Congo,normal
3c347440-8513-4b4d-9044-29e8d915174a,Monica Bailey,Jamaica,normal
ef6be0f0-742e-42ff-9285-ea8c721c3664,Amber Church,Honduras,normal
beae7a70-e9fe-4cd4-99da-9413486390e0,Vincent Page,Russian Federation,normal
8665015c-7682-4e15-9429-6da8c4158b3c,Katherine Holt,Syrian Arab Republic,normal
c3e617d9-bd61-42b7-872f-ce525723222f,Christopher Robinson,Morocco,normal
e14fe48d-6be8-4e8a-90de-488e32645789,Kevin Wolfe,United Kingdom,normal
6866a99c-6881-49ea-93ef-941172963c25,Michael Chase,Vanuatu,normal
2021a001-846d-4887-bf24-8d4d24b870e2,Jesse Meza,Luxembourg,normal
c07ef453-a529-4104-857e-2b91f3be54bb,Keith Wilson,Namibia,normal
51d5d109-bbf5-4e6e-beca-65b9c5ca2da2,Nicole Cole,Cayman Islands,normal
fa5e2fa4-7e1f-4d30-abc4-72ad1b5a02f4,David Thomas,Bouvet Island (Bouvetoya),normal
8951b230-0171-4fee-b6f9-a6351ddccef6,Eric Smith,Saudi Arabia,normal
8852eb83-2ad9-4c33-9788-317242f9c1e8,Duane Ponce,Samoa,normal
bf489fbf-5c5d-43c2-9611-1d5e86a60383,Rebecca White,Wallis and Futuna,normal
05bc3a8f-ec33-400a-8279-5ee9536d8751,Daniel Woodward,Iran,normal
db783c9c-1284-4007-9f6f-d1f7331bbc31,Darrell Pena,Slovakia (Slovak Republic),normal
85e0bef2-d3c5-4587-959d-ac90c2b52c72,Jessica Lopez,Maldives,normal
02d3ab0d-e296-4b05-b71d-d0d11c36ad46,Gregg Jackson,Taiwan,normal
aa970bda-7ade-4dbf-bbda-2d1d8dc43a49,Joshua Cook,Cote d'Ivoire,normal
ae6c30b8-d9ec-447e-aecc-a8d93463110f,Gloria Parker,Serbia,normal
711e5998-22f4-4d2c-9a55-41430eb94089,Brenda Melton,Yemen,normal
f7e20b44-622b-482f-862d-6c342010d69e,Bianca Mcgee,Dominica,normal
28fbd015-db89-4225-8d18-0c56c3892f3c,Connor Turner,Palau,normal
92142ef7-318b-4aeb-9502-47e9123c0c68,Julie Hill,Romania,normal
03efe38b-8a0d-41ce-bdd1-d943ee74b295,Rebecca Page,Vietnam,normal
e2a15561-0afc-46fe-9a36-e6dda99d9af2,Larry Roberts,Bahamas,normal
feaa45f1-b474-4977-b8f4-faddf24aed7c,Cory Watson,Cayman Islands,normal
d53e66f6-c6cc-42c8-9835-dc1b329ee8f3,William Oconnell,Peru,normal
74a27b4b-ab0c-4edb-89d6-3e859a1e5005,Caroline Jackson,South Africa,normal
dfa7bf58-af58-45be-83c1-7f1bfc9413e7,Karen Franklin,Reunion,normal
ffbaee04-86f1-4ea1-8a77-af4308954b8d,Victoria Park,Finland,normal
42c76bbf-38e2-4583-9676-e90c7bd01b05,Scott Wang,Philippines,normal
ae035c76-a17b-4b4a-87b4-aa1696eb4626,Michael Paul,Libyan Arab Jamahiriya,normal
f68d86b8-2f1a-4127-94b2-51af7039376c,Daniel White,Cyprus,normal
ecf42c79-422b-41d9-955c-1d79194efd64,Sarah George,United States Virgin Islands,normal
58ca27f0-9d95-47f4-80cc-fb27935ea5b7,Rachel Yang,Turkey,normal
e241061c-7c3e-4911-aac3-c5910f341a81,Rhonda Ross,Saint Vincent and the Grenadines,normal
417d6afa-927a-48de-a8f1-df878ea4c7b7,Jordan Johnson,United Arab Emirates,normal
1cc16e2f-ae8f-44be-a0cf-61a9f779f872,Rachel Armstrong,Zimbabwe,normal
ad054c4d-e44e-49e7-a33e-73d7962b18a4,Grace Craig,Nepal,normal
c60e6b16-d22a-4151-9097-f56d2fa70d73,Claudia Snyder,Sudan,normal
d9131701-b44d-4052-a23a-e66b9d2b5bfc,John Bailey,Cayman Islands,normal
efbce51b-0b7f-4023-94dc-dcbad6a050e0,Melissa Cardenas DDS,Somalia,normal
886303e6-6a3c-4328-9366-1911d44f7f7b,Kristen Bell,Guam,normal
d3ba0098-75f9-4ebe-a733-c5bdb41137af,Jennifer Mathis,Albania,normal
d246994c-a708-4689-bb8e-70aa006de8fc,Dr. Chelsea Benton,Jersey,normal
684804e5-fc84-4d39-8c5a-7640337235c6,Randy Ortega,Lebanon,normal
4e266c00-d9c4-436d-af8f-c3874caab7ad,Julie Young,Belgium,normal
723fa905-47b2-43db-8bc9-c433fc60fac1,Wayne Bowen,Timor-Leste,normal
502ae0ce-bf7d-47b6-9c06-5fef713d440a,Lucas Spencer,Mozambique,normal
6f7b19a9-a428-47a3-8728-7bd23f1d70e0,Amanda Stewart,Saudi Arabia,normal
9baa598c-70f8-489e-a138-8fe200f930d2,Melissa Doyle,Afghanistan,normal
038a15e5-b181-4904-9526-7d12c4413fa4,Daniel King,Korea,normal
1805f202-2ef9-40d2-8599-560df6397f82,Jose Bruce,Jersey,normal
3b3ba716-a139-4c56-b4d5-034db78c05a2,Mr. Robert Lee,Austria,normal
db33194d-cbd0-4a65-b8cd-4dd151b978a1,William Mcgee,Colombia,normal
94a22d90-9429-4dd2-86e6-9101d3e1e128,Samantha Odonnell,Bahamas,normal
fec4bdbe-2433-412f-ba20-6ef6106a04b5,Michael Kidd,Bermuda,normal
0323f066-5b08-4b40-b428-9e4fd7762017,Mary Santos,Finland,normal
e5ed916c-4a11-4d7e-8747-d2b1041c280f,Ms. Ashley Kim,Argentina,normal
7e5b1c3b-6fe6-43bd-abc9-71f7e99834a4,David Hunter,Czech Republic,normal
8d123ecb-db98-408e-a02b-d8a3933833c1,Stephanie Reese,Comoros,normal
e5f6b693-2087-4da2-92e5-72a240a86dfb,Linda Murphy,Togo,normal
c91bc584-b797-4e81-904f-d23f2aff169c,Richard Smith,Ireland,normal
e4453ff2-cce2-4fe5-bc03-c64c54efd8dc,Elaine Watson DDS,Saint Pierre and Miquelon,normal
44e1b752-4717-4991-856b-25106bcfd243,Kenneth Flores,Antarctica (the territory South of 60 deg S),normal
46b5dcf1-875a-47dd-b197-4a7c2e556930,Krista Kline,Algeria,normal
e9dd3365-bbbe-4207-86c4-1821773460a9,Brittany Williams,United Arab Emirates,normal
3a0d0d14-f273-4b3d-94be-cff5164370ee,Emily Moore,Solomon Islands,normal
23a47092-b457-4a6e-a0b2-5d0aba0bd5c7,Blake Young,Micronesia,normal
ea5aa5d7-9bc3-41f5-81d7-66f6f0543138,Alex Ward,Spain,normal
81d6b6a6-9067-4cc7-93dd-96d1f4713782,Jamie Matthews,Guinea,normal
ee5e1877-1942-48c6-b4ae-8f95f977ac83,Mallory Schultz,Costa Rica,normal
d17fc1f5-ed9c-41f0-bcda-f929bfcc7316,Charles Jones,Luxembourg,normal
be46a38b-d9ad-4070-83f6-c52df68d3757,Patrick Pierce MD,Paraguay,normal
5cc3e31a-8542-40f2-bfc2-796bce2e8cb1,William Bush,Uganda,normal
2deb3a6f-2781-4db2-92af-8f739930fa39,Fernando Murray,United States Virgin Islands,normal
571b74b9-4ac3-436c-b0bd-fd3fe2c15051,Robert Jenkins,Canada,normal
f18fdd6a-07f1-497b-b413-3bd959d9031e,Christopher Allen,Venezuela,normal
47945a53-9a2e-402b-9545-92c676bec756,Michael Smith,Venezuela,normal
e12ed9c1-45d2-40a1-9b03-2a1e6406ddc5,Clayton Walls,Maldives,normal
48ace4c7-ef9e-4eea-af05-94e30473c350,Leslie Myers,Saint Pierre and Miquelon,normal
e868466c-1377-4693-be03-59886a3a8f8c,Craig Patterson DVM,Kuwait,normal
828612f5-09cc-4ea6-80df-d8851aaaafc4,Valerie Carter,Croatia,normal
cee2da62-ad3f-4d61-b708-f19455a63062,Jeffrey Pena,Dominica,normal
2e445d97-e1ad-4177-ae3f-62e64f48e88e,Amy Freeman,Nepal,normal
017ce0c0-c18d-49b3-9316-7341256b82f5,Tina Anderson,Angola,normal
d8015132-c58a-4ced-affa-f51c456af4de,Brianna Douglas,Mongolia,normal
e5736be9-1f1a-4d47-8e2c-f4044cf868d5,Mark Herring,Liechtenstein,normal
acf717c3-4673-40b4-bea0-8b2386953261,Rhonda Thompson,Malawi,normal
9dffd0d2-4eb0-4a89-83ee-83d49727f7d7,Joshua Valdez,Korea,normal
85cca0f3-58b5-49e8-9214-537a0f24b5d6,Stephanie Gallagher,Cyprus,normal
1996e082-2dc8-46df-ac70-90179b7f99cc,Frank Dickson,Tuvalu,normal
70f77f73-6bb9-4152-b23b-dc7493ff65cc,Michael Mercado,Swaziland,normal
2f9c00ec-59bc-4f6a-81c8-8704c0ab554f,Lauren Dixon,Bulgaria,normal
5c1a492a-5d94-40ae-bb26-ce1b97e26225,Steven Marshall,Swaziland,normal
63473d5c-5600-4a11-98e6-3a64748b97a4,Lisa Brown,Reunion,normal
ee0e35ab-8fcb-4473-a53c-430600097192,Mark Thompson,Japan,normal
41aa320d-ace5-4814-b045-099152355627,Jeanette Bryant,Palestinian Territory,normal
680c098c-c367-49e6-bc8d-8dd51d3dbf22,Jason Benjamin,United States Minor Outlying Islands,normal
05202f7f-b023-4d08-8794-f462ab781ed8,David Love,Romania,normal
3d7c2b90-007b-414e-82b6-03894868700a,Blake Gibson,Estonia,normal
6252feac-f61d-4b43-94d4-fc644e2a7c4b,Emily Turner,Marshall Islands,normal
68cfdfd4-9b85-4b69-8992-ea3fa5585da7,Tiffany Taylor,Malaysia,normal
c7875cb1-fe92-4ae1-b0ae-3eeaaa0c8bf0,Eric Chandler,Antigua and Barbuda,normal
e2d9dd7e-17a3-412a-85ce-a24ce9b97714,Shawn Lester,Bouvet Island (Bouvetoya),normal
76e8bd20-e144-42a2-996c-428b811df954,James Sullivan,Guatemala,normal
44fd377c-30ee-4c4a-be34-e77a5b8f1bb3,Michael Wiggins,Pakistan,normal
90598a71-6a7a-4cab-bb5b-04698beb43da,Valerie Lewis,Congo,normal
10b56760-fc3e-42da-8658-9b70e744b7bc,Andrea Garcia,Sierra Leone,normal
85a89489-c926-498a-8a86-119236815ee1,Kirk Beasley,Ireland,normal
8725ff9a-3081-488a-bbac-13f554d6adc4,Eugene Hogan,South Georgia and the South Sandwich Islands,normal
c507177c-52fe-4e8d-a5a4-1a1f476d3433,Jeffrey Nelson,United Arab Emirates,normal
70d299a4-0aa4-4e88-a0c8-c6810a558875,Jamie Randall,Colombia,normal
0a7b0999-9300-4302-8848-6accba2fc7d5,Pamela Lopez,Falkland Islands (Malvinas),normal
0c5919d6-707c-45bb-a7fc-f11dc3d2c1aa,William King,Vanuatu,normal
9a835901-f690-4cea-b8f4-bd834dbd61f1,Edward Johns,Singapore,normal
349f914c-0202-41be-8409-95e2fe144c78,Traci Martinez,Lebanon,normal
a0f6f23b-dd2a-427a-ba94-95f9d0b4ecbd,Joshua Cole,Libyan Arab Jamahiriya,normal
93a6cd72-5b69-4553-aea3-88ac6e6487ac,Stephanie Arnold,Saint Barthelemy,normal
48a5a7f0-57f6-4ed3-a97e-de7a3c53f14e,Annette Chan,Finland,normal
f025a7d3-8e8d-47ad-8880-c4477d245455,Ms. Ashley Smith,Barbados,normal
d11a591d-de59-41e0-bd83-7bb19e785a77,Peter Juarez,Cyprus,normal
1a2dab69-74c1-47f4-aee1-9f3d0a5943b0,Dominique Lucas,Bouvet Island (Bouvetoya),normal
81a18bc5-7c80-467a-b2c4-2a3c6af2e3a0,Deborah Campos,Aruba,normal
83d9e627-8ae2-405c-a07d-affc97b59380,Susan Clark,United States Minor Outlying Islands,normal
e2b73f4e-3f12-46d5-bac1-f656c8fb928f,David Patton,New Zealand,normal
a6874f63-40d9-43e7-972e-c48a88eab37b,James George,Cameroon,normal
2bef034f-eaf0-4414-bd49-7f9bbd64845c,Amanda Moore,Algeria,normal
8082c7e9-3be7-4dd5-96e6-01df2f041d88,Kimberly Mccoy,Mozambique,normal
1d9c1100-effe-4c1f-816f-7558fe542f41,Teresa Parker,North Macedonia,normal
f87bff3f-4e4d-41df-950f-c6203fbccd3f,Charles Ramirez,Bolivia,normal
ebc3a2dd-4e49-4848-8480-76c7f93d2498,Annette Wright,French Southern Territories,normal
fa2618a1-bc2c-418c-a3f7-5568cbf7f415,Cheryl Gray,Puerto Rico,normal
e21b8e3a-1625-4a75-b1aa-6b05054444af,Jacob Buchanan,Kuwait,normal
3245634c-363b-4c73-b807-da74891af962,Kelly Roberts,Barbados,normal
b756e6b0-fbdd-4e4f-843e-498c457dd728,Elizabeth Miller,Equatorial Guinea,normal
865c4a75-ff8b-435f-9ae2-37c96c98bb26,Ernest Flores,Nicaragua,normal
440242ce-6a99-4024-b898-33d181d34c77,Shawn Jones,United States Minor Outlying Islands,normal
9725ea62-3b83-40e7-b439-7c55a146324c,Emily Liu,Burundi,normal
85fea47d-74f0-4b1f-ac99-fbe026534bf3,Brooke Olson,British Virgin Islands,normal
75e5a35c-4370-4ea4-9b91-6b3a5af33a9b,Jimmy Willis,Sweden,normal
ec6b3bfc-e04d-4979-8656-052ab67fa218,Katelyn Dixon,Puerto Rico,normal
9d613c8e-4d52-4e18-b4f7-ba31afa69ca1,Katherine Rangel,Malawi,normal
2af6035a-83e0-4f01-abe7-341a45d887cd,Sara Rich,Montenegro,normal
e7a71fb2-2be7-4d10-9c5a-7e629c973e7b,Robert Gonzalez,Germany,normal
451f39b3-a8a4-4287-86d8-4018dff3e074,Tracy Esparza,Antarctica (the territory South of 60 deg S),normal
631b2386-7fe2-4b37-9d7b-c6f58830204c,Krystal Snow,Palestinian Territory,normal
b51d7236-c37e-46e0-862b-4063f84c726a,Clayton Miller,Montserrat,normal
7118eb55-ce73-44cf-a281-16805c6ffdf2,Steven Schroeder,Burundi,normal
5a7c99d0-8457-4b61-ad6d-3ffe533caf34,Kristine Steele,Algeria,normal
22d80182-fc28-4e20-9c14-2bc22ade1ead,Christopher Robertson,Australia,normal
f650d1b5-9bb9-4a05-89a8-67f77ae87695,John Davis,Morocco,normal
2dcf42c9-2238-4e17-9742-25251cf9332b,Dorothy Hernandez,Gabon,normal
9e0520f3-83f2-44d0-834c-f2a44e754d07,Brandon Wu,Brunei Darussalam,normal
22f2aaaf-3828-4c9b-9a10-cb1cd1a1f9a1,Christopher Graham,Sri Lanka,normal
2972e191-1865-4d92-a95f-fdf5705f9672,Anthony Jones,Korea,normal
4c51e533-82fe-4ca5-8a8a-517e44269af8,Jeffery Cain,Latvia,normal
7ec5fde8-9b6a-4277-bbc6-24834d769f4c,Kathleen Ferrell,Nauru,normal
931208df-1650-4769-8bae-11a62b47d238,Charles Brennan,Oman,normal
dd74a375-8cda-4244-9490-7c08542cfad4,Amanda Woods,Mauritius,normal
e211070c-8efb-457c-acc2-d39815c43b7f,Christopher Flores,Peru,normal
636f784e-a468-42fc-a6ee-242aa5962ab9,Amanda Allen,United States Virgin Islands,normal
0569e6f2-fb8a-4de0-b40c-e571b541e21a,Tanya Ortiz,Syrian Arab Republic,normal
3a821b1b-b34f-4bda-b9e7-652b644b7fab,Melinda Potter,Italy,normal
d02dc430-8d0c-47b4-801a-0739d8130668,Bryan Ford,Aruba,normal
181f93f3-0cbf-42e2-b81f-98ecbcf075a7,Evelyn Olson,Croatia,normal
a71c8657-0bb2-46b6-83f3-a8c94f97c412,Nathan Christian,Angola,normal
0ee977d2-5faa-4818-a090-7975c98551e7,Matthew Young,Barbados,normal
cc7af038-0754-4382-8e09-e5a26a3f4908,Carolyn Foster,Paraguay,normal
bc029f06-2077-48dc-b845-db38eb032e91,Todd Ramirez,Sudan,normal
77211643-a0f7-436c-a7bc-55a584a10db2,James Singleton,Sweden,normal
aac53b61-551f-40ac-969b-299ceb611a4c,Robert Bowers,Lebanon,normal
4bd7a76d-2d27-4e75-8858-d27cd7580af5,Adam Lindsey MD,Montenegro,normal
70f8af26-0c34-4e74-a340-6e402b7e6422,Brian Dorsey,Brazil,normal
f7c0d498-fd21-4793-8fce-090a64879615,Barbara Wilson,Moldova,normal
2a2105a9-855d-47cb-ab61-c2a32707df9c,Alex Melton,Qatar,normal
e7181bb4-adb6-48db-8725-f69010d31e51,Dana Rhodes,United States of America,normal
d0a95703-0a52-4c41-83cb-ff555dcd4f41,Sarah Silva,Honduras,normal
437a225d-574d-40d1-9e4c-cdedf204c45d,David Wallace,Bermuda,normal
7fb153ad-636f-475e-a51b-ec28efae872d,Jessica Lowe,Brazil,normal
fb830bf4-d43f-48a9-83d5-af68a37e78c1,Tamara Copeland,French Guiana,normal
d248633a-a4f5-4cee-95c2-25c436e3e784,Joel Clark,Kuwait,normal
b553dec8-0b19-48ed-b760-0951a88037c2,Austin Coffey,Denmark,normal
4edfb27d-f7f6-4f29-bbed-c12cda1fdc56,Christopher West,Kazakhstan,normal
ac441a0e-6001-4294-a45b-8a3cf5f12b68,Michelle Lopez,Brunei Darussalam,normal
c0e9eb69-a125-4405-8b3d-d23d96be8ceb,Brittney Brooks,Cape Verde,normal
68db04ef-8c88-4c26-a82b-d272dc7eb320,Patrick Quinn,Dominican Republic,money_launderer
2a32af77-2c66-4312-a606-0aa4f4f57e9e,James Odonnell,Bolivia,money_launderer
dec4bbf3-18f1-402d-92fe-74e5565ef9cd,Bonnie Forbes,Angola,money_launderer
941d9803-513a-4180-a9a4-517fb30b994d,Kimberly Castaneda,South Africa,money_launderer
770c239e-4c83-47a9-b405-96dd8b26b035,Erica Morris,Belarus,money_launderer
18f0ba9c-519c-4153-9808-34804d1e1c16,Samuel Weaver,Jordan,money_launderer
690daadb-4371-46d0-8ee2-f4e4ba7193fb,Heather Malone,Syrian Arab Republic,money_launderer
ceee1031-7c7e-4336-bf70-38a597f3694d,Mark Hess,Finland,money_launderer
051f46f2-40ec-4022-9569-65249938fa8b,Travis Hall,Macao,money_launderer
970042b1-e7d0-4116-83ad-5cb261e478b1,Allison Coleman DDS,Cyprus,money_launderer
a43fc481-572b-4d09-90d5-8b1def162be7,Eric Clayton,Botswana,money_mule
99dd0fa8-61ef-4743-801f-caaebb7cb588,Jim Pope,Burkina Faso,money_mule
82f4df2d-03ae-4a81-b45b-8835ff86ee2f,Jessica Davis,Korea,money_mule
8a3d9c5f-059f-476f-a12f-987cbdd6daa9,Jesse Cooley,Andorra,money_mule
03b66ce3-9f04-438c-a479-12bd567250cd,Albert Mack,Philippines,money_mule
ba38a21e-94e8-4fdf-a325-8610eb457f95,Larry Smith,Burkina Faso,money_mule
a9c429ba-1c0d-4dfb-b8b0-ed1373acb862,Jeffrey Brady,Colombia,money_mule
b7093cb5-8eb2-48e0-82fe-3dfebd99b716,Russell Ho,Togo,money_mule
11c78ba5-53c4-4385-aac9-510c0a637da2,Gary Moran,Madagascar,money_mule
15fbadb7-d57e-445f-823f-6d9ff5b59243,Gina Adams,Colombia,money_mule
d90483f5-cdf8-44e0-b31f-9c1617619f96,Tricia Hunter,Myanmar,fraudster
52169e65-2af9-405b-896c-915dbacfeeb1,Gary Huber,New Zealand,fraudster
38ed2ee0-9830-4e5b-9c0f-71d4a6c964a7,Desiree Lopez,Kenya,fraudster
3f496d60-891c-4b8c-89e1-d1b0b0b943ba,Margaret Patterson,Myanmar,fraudster
bb3f088c-f530-49a1-98c4-36d67757cb26,Christopher Mcclure PhD,Romania,fraudster
ce8032ba-5709-4026-834f-935693c2345a,Timothy Knapp,Madagascar,fraudster
acdb1bef-450d-4393-820b-cecdc6492a01,Cindy Barnes,Seychelles,fraudster
01dbc453-8fe4-4874-bff7-8e0bde6fe0ee,Robert Scott,Israel,fraudster
1041c5fb-c4a2-4734-afcc-a83f6d436f03,Jason Hutchinson,Tanzania,fraudster
aff3d035-2d1d-4385-abe6-95ad6dab4cd2,Scott Hess,Netherlands,fraudster
e80fac7c-e86e-4014-a7bb-df12636f96c7,Lisa Ford,Finland,scammer
01a860c1-9dc5-4594-a66d-82571261d922,Elizabeth Smith,Svalbard & Jan Mayen Islands,scammer
16278952-e61a-4934-b946-c0f076c99760,Paul Potter,Western Sahara,scammer
fdbe4538-e2a1-4cc3-8e20-755fbc197214,Nancy Small,Mali,scammer
1505ea62-ce04-4dbb-804e-97b7e02a3aec,Kelly Hill,Macao,scammer
47f5598d-046d-44f4-9ab7-67bac8ff2314,William Nunez,Congo,scammer
43d45977-bf05-4323-bd71-579530f8b529,Alexandra Dickerson,United Kingdom,scammer
3d2a12ad-383d-4afb-aba7-fe21e3634a5d,Melanie Cisneros,Luxembourg,scammer
58c43eb9-fdb3-4777-bd3f-c5d577a0bc9a,Michael Miles,Seychelles,scammer
47d4e790-d210-49dc-8fa7-b489a98c002e,Rachel Snyder,Saint Helena,scammer
1417e654-15fd-44ea-901a-474f2da5584f,Wayne Taylor,Guinea,terrorist_financier
9e1b9552-9058-46de-ba5a-a7f81222a7a1,Kathryn Henry,Brunei Darussalam,terrorist_financier
8a4c0ca9-d957-4109-ac91-e9a1b0ce6cb0,Joshua Hunt DDS,Brunei Darussalam,terrorist_financier
d6a18bd0-096f-42f3-b099-72e844483264,Lori Martinez,Saint Lucia,terrorist_financier
7a15e9b8-9d6e-4b5a-82bc-ed6cd93b7ce6,Sharon Gomez,Turkmenistan,terrorist_financier
408cd64d-716c-4a36-8b52-eb8a06fa353d,Julia Cross,Vietnam,terrorist_financier
3e1ed475-17fe-4591-a061-a8fce8ecf682,Laura Smith,Lebanon,terrorist_financier
2483992c-1eed-4133-aef9-74cf1f939707,Philip Green,Mali,terrorist_financier
f2713124-508d-4850-9e13-349eaa4f2b55,Meghan Williams,Thailand,terrorist_financier
e0bccf99-1d1d-4ea4-9874-ade2ffa0307d,Elizabeth Rodriguez,Korea,terrorist_financier
